x_loc,y_loc,radius,mass,x_vel,y_vel
320,240,1,40.0,0.0,0.0
321.0,240.0,1,1.843495,-0.0,116.435786
321.91261,240.584743,3,6.069613,-25.258068,82.615418
320.551275,241.922523,5,1.739396,-79.044604,22.665675
318.024623,240.312869,7,5.397787,-13.415513,-84.702217
321.231323,238.423978,9,8.145236,69.593121,54.372105
318.279271,242.457456,11,5.615124,-57.495099,-40.258502
322.85317,239.072949,13,4.581095,21.442213,65.992346
318.454886,237.428498,15,2.998557,58.412314,-35.097659
317.007308,240.209269,17,3.096363,-4.759011,-68.057028
316.435974,241.815962,19,2.67808,-26.692651,-52.387277
316.060769,240.694593,21,1.919982,-10.118667,-57.38581
317.272007,237.074585,23,4.784229,44.048642,-41.076023
323.236068,237.648859,25,5.29562,35.603222,49.003631
319.045955,244.908136,27,1.533783,-50.925444,-9.898903
320.695866,235.04866,29,4.925124,53.429969,7.509092
316.464466,243.535534,31,6.334428,-38.74578,-38.74578
324.24024,242.649596,33,2.33649,-27.755856,44.418655
325.143004,236.909772,35,7.974575,26.214512,43.628275
323.526712,235.145898,37,0.418495,37.795892,27.460323
324.791813,236.38911,39,6.080349,30.020491,39.838537
325.638156,242.052121,41,4.024888,-16.676223,45.817546
316.822067,246.237046,43,6.307642,-41.250641,-21.018251
318.070539,233.271168,45,8.252079,45.42795,-13.026255
322.278977,246.61863,47,8.240686,-44.678675,15.384102
322.163119,233.342604,49,0.360598,41.106321,13.356253
312.030442,239.302754,51,2.885087,3.632258,-41.516897
315.760646,246.784385,53,2.718711,-35.274191,-22.041761
318.748524,247.901507,55,6.383976,-42.80864,-6.780222
316.493031,247.190352,57,0.110625,-36.225752,-17.66848
311.067085,241.096824,59,3.100382,-4.800498,-39.096918
320.0,231.0,61,6.821093,41.055564,0.0
326.137985,246.582183,63,2.396411,-28.572172,26.643982
313.525942,233.748075,65,7.377755,28.688627,-29.707943
321.564345,249.876883,67,8.056781,-38.973533,6.172801
329.271839,236.253934,69,2.467292,13.895533,34.392651
320.871557,230.038053,71,4.518642,37.834472,3.310087
316.90983,230.489435,73,6.65352,36.976094,-12.014261
319.808024,229.001675,75,6.133543,36.856867,-0.643339
329.119413,233.848878,77,0.572947,19.331079,28.659503
324.993895,249.801072,79,4.412943,-32.226402,16.420172
309.663381,236.237778,81,7.779084,12.830594,-35.251767
331.475657,243.50846,83,3.010523,-9.963332,32.588589
312.946577,230.291796,85,2.405803,27.374877,-19.889012
312.127292,249.056515,87,2.138447,-25.456636,-22.129116
324.495279,251.126206,89,1.337863,-30.975745,12.515013
329.192388,249.192388,91,6.689413,-24.120985,24.120985
326.10313,251.478319,93,4.241042,-29.318951,15.589163
313.697475,251.370056,95,0.663142,-27.84329,-15.433788
309.482779,232.358792,97,2.220785,19.067013,-26.243492
333.895646,238.293829,99,5.984601,3.975659,32.379147
306.212691,242.431074,101,6.715197,-5.709628,-32.380909
332.474091,246.355867,103,5.706602,-14.765383,28.978696
323.386907,226.41586,105,0.197691,29.594647,7.378774
308.679356,230.159115,107,5.946413,20.667864,-23.775658
305.734152,235.364745,109,0.770084,9.170226,-28.223054
307.712719,231.396353,111,5.681617,18.017267,-25.731324
320.523492,225.009138,113,1.915272,30.071035,1.050104
335.803013,242.502951,115,3.565802,-4.646413,29.336297
306.735399,248.947086,117,7.894015,-17.414652,-25.818283
332.778168,230.37096,119,3.554197,17.872716,23.717895
304.0,240.0,121,3.673841,-0.0,-29.738784
323.824168,256.564291,123,8.332896,-29.572864,6.827434
336.495027,244.112672,125,0.918166,-6.75587,27.096316
336.790702,237.340614,127,4.919535,4.577181,28.899185
336.834557,242.365943,129,7.323267,-4.179658,29.739809
327.607129,256.31354,131,7.446803,-26.485943,12.350598
302.880983,245.562306,133,4.758702,-8.771167,-26.994875
328.726573,224.256845,135,7.032778,25.448127,14.106127
312.109319,256.178293,137,6.326407,-25.954385,-12.6588
336.929124,231.374181,139,1.432621,12.067399,23.683604
307.787035,225.445156,141,1.674738,20.421428,-17.135613
301.486969,244.27407,143,3.407656,-6.120218,-26.509577
304.628677,251.16792,145,1.958684,-15.722635,-21.64035
301.089628,246.511363,147,6.268501,-8.913374,-25.886318
304.239785,227.68677,149,6.387463,16.877177,-21.601801
334.142136,225.857864,151,5.930893,19.288345,19.288345
319.30201,259.987817,153,6.134329,-27.321527,-0.954089
319.633499,219.003198,155,6.54352,26.793307,-0.467679
307.65651,256.989357,157,7.580049,-21.919616,-15.925533
339.330602,248.205354,159,5.937696,-10.402207,24.506063
336.086933,226.50146,161,5.076504,16.951396,20.201887
329.987791,220.397856,163,0.19507,21.678461,11.045727
335.282484,224.174524,165,3.913851,18.293467,17.665796
341.595798,244.197798,167,2.837626,-4.792617,24.655876
313.201626,260.923243,169,2.677137,-23.843232,-7.747136
310.27978,219.154921,171,3.181032,22.352742,-10.423255
330.797846,260.307795,173,1.142606,-21.256385,11.302221
323.597993,217.283168,175,3.817026,24.53861,3.886534
297.056027,241.604399,177,7.775656,-1.809658,-25.879311
310.622453,262.092116,179,3.313167,-22.258861,-9.448326
320.0,264.0,181,6.132204,-24.955656,0.0
312.983079,262.951314,183,1.204587,-22.554644,-6.895647
296.929719,246.615297,185,0.142349,-6.41662,-22.377415
316.089138,215.307791,187,5.92895,24.09715,-3.816614
339.700269,255.391537,189,8.05013,-15.363556,19.664456
299.521199,225.660589,191,3.297392,13.587034,-19.404296
327.725425,263.776413,193,4.074604,-22.730188,7.385486
342.28635,226.60901,195,7.188911,12.489503,20.786023
318.186332,214.063335,197,6.590655,24.036766,-1.680814
308.196247,216.83383,199,5.126906,21.12927,-10.765901
315.485147,214.394998,201,7.302319,23.909941,-4.215968
339.74655,221.586044,203,2.523205,15.405896,16.5208
335.870202,261.843459,205,4.845106,-18.767473,13.635367
293.496066,234.848157,207,3.765335,4.372749,-22.495846
346.737238,243.757674,209,4.907738,-3.230774,22.988148
300.20101,220.20101,211,4.944788,16.125685,-16.125685
305.162261,263.745347,213,4.110546,-19.159545,-11.972212
334.421066,264.000684,215,3.089025,-19.140021,11.500485
342.652476,256.457987,217,3.788962,-13.231056,18.210986
337.452636,263.16043,219,2.921536,-17.48879,13.178748
310.081416,267.251086,221,0.282039,-19.934945,-7.255727
294.160811,226.834276,223,0.82173,9.695405,-19.028305
347.876589,232.006517,225,8.034841,6.385424,22.268621
291.634443,249.767045,227,3.092644,-7.023529,-20.397809
348.531695,249.27051,229,6.756458,-6.944085,21.371697
322.614672,210.114159,231,1.641712,21.126152,1.848299
294.558557,224.102422,233,6.534536,11.879804,-19.011661
289.381661,235.150532,235,1.672278,3.264733,-20.612715
292.137385,226.410494,237,6.580135,9.672394,-19.831347
316.22205,209.231069,239,6.397267,21.8569,-2.68369
351.0,240.0,241,7.22062,-0.0,22.215572
296.596682,261.823948,243,7.456312,-14.94954,-16.031419
342.229068,216.981126,245,7.982484,15.855245,15.311233
288.393973,245.005903,247,7.686238,-3.437372,-21.70271
331.987411,269.669883,249,0.752649,-18.833945,7.609408
352.874425,242.87614,251,6.761027,-1.86747,21.345276
351.384865,229.802439,253,3.98764,6.421895,19.764562
352.994974,239.424071,255,2.059708,0.354653,20.318073
338.453366,267.35824,257,0.852492,-16.603476,11.199186
289.705778,255.435677,259,4.71947,-9.371911,-18.39341
331.628685,208.050451,261,5.164233,19.494683,7.095484
310.059362,272.514362,263,6.331404,-20.094032,-6.143362
347.506578,220.015301,265,0.030816,11.480187,15.801122
293.585165,217.037934,267,0.445848,12.694581,-14.603445
287.548565,253.111231,269,1.477913,-7.340444,-18.168237
295.251263,264.748737,271,5.336343,-14.485942,-14.485942
289.096834,256.431505,273,7.395796,-9.833717,-18.494531
288.513691,222.546854,275,5.570583,9.818266,-17.71262
341.160269,210.875388,277,0.893259,15.520466,11.276279
324.387296,275.731661,279,6.762476,-20.362013,2.500141
313.748666,204.546921,281,7.614824,20.386553,-3.594699
303.202352,272.967241,283,0.414185,-16.761753,-8.54054
355.900942,248.95111,285,0.356069,-4.547799,18.240225
344.274184,212.075746,287,1.332814,14.358167,12.481364
331.433629,204.810909,289,3.573593,18.577602,6.036229
341.795905,208.872222,291,3.429102,15.762883,11.037289
357.976851,241.326181,293,4.375392,-0.678846,19.439593
314.05549,277.532157,295,0.276159,-18.3031,-2.898926
298.75067,208.496572,297,6.305168,16.472884,-11.111101
343.470786,271.146785,299,3.543838,-15.189804,11.446338
320.0,201.0,301,6.959784,19.751644,-0.0
281.999567,248.773091,303,6.053134,-4.400052,-19.05872
310.565046,277.841533,305,2.331758,-18.196065,-4.536788
326.257379,279.507534,307,3.917222,-18.628585,2.950478
314.433076,279.610723,309,1.431734,-18.141026,-2.549555
283.747689,256.90473,311,8.042288,-8.336862,-17.878458
307.63932,201.957739,313,6.65649,18.488636,-6.007322
355.859408,259.877194,315,5.806356,-9.223902,16.64036
283.149444,222.026783,317,6.419963,8.396048,-17.21445
338.61361,276.531267,319,4.908209,-16.785115,8.552443
351.407822,213.645708,321,7.813521,12.494631,14.890521
310.552056,199.076457,323,5.378776,18.230483,-4.208839
295.313019,206.021286,325,0.110294,14.230935,-10.339379
306.326138,200.28822,327,8.321015,18.255173,-6.28576
345.857782,206.903548,329,6.833969,14.97823,11.702276
350.405592,270.405592,331,1.71003,-12.535554,12.535554
277.026194,238.499322,333,3.464302,0.631573,-18.085894
362.993451,239.249547,335,7.31475,0.329528,18.878627
285.212269,214.725234,337,6.508789,11.003339,-15.144796
302.80783,280.502214,339,7.619772,-17.237168,-7.316744
348.282655,273.705955,341,0.374848,-13.208563,11.083301
359.204287,259.975582,343,1.64014,-7.949669,15.602103
351.650951,270.564968,345,5.267104,-12.682615,13.133232
311.413595,284.173223,347,3.444365,-17.361192,-3.374674
277.202457,226.094235,349,4.731612,5.545694,-17.067891
360.78385,220.982178,351,4.679562,7.579996,16.255353
280.267358,261.12622,353,5.245926,-8.473548,-15.936425
365.433664,247.195985,355,8.091626,-2.879127,18.17809
316.791202,194.112054,357,8.072332,18.356166,-1.283588
277.656777,222.026368,359,3.085875,6.806738,-16.035671
274.0,240.0,361,5.551587,0.0,-17.912052
275.053676,226.25853,363,3.361931,5.054908,-16.533858
307.045044,194.8207,365,3.143261,16.577602,-4.753551
366.421352,232.64758,367,5.118124,2.758872,17.418832
291.063911,277.036505,369,0.370349,-13.145799,-10.270623
347.531669,200.680702,371,5.564618,14.365815,10.059052
274.349287,254.832816,373,1.550088,-5.175118,-15.927374
344.721828,281.14403,375,6.474308,-15.181824,9.12216
367.883074,236.651689,377,1.826472,1.172093,16.761709
363.65932,217.754466,379,6.592616,7.968559,15.639177
368.25558,231.491239,381,5.524725,3.012787,17.086361
353.41792,275.836331,383,5.158379,-12.637789,11.784929
280.358167,268.801477,385,5.293716,-10.172135,-14.000743
329.54045,190.918641,387,3.678135,16.514526,3.210099
313.041345,289.513403,389,8.092552,-17.48152,-2.456867
355.355339,204.644661,391,2.179327,11.69021,11.69021
277.597595,213.504037,393,5.281041,9.077273,-14.526674
276.284468,266.266942,395,1.244134,-8.336962,-13.875036
290.022952,281.259867,397,6.752419,-13.942707,-10.12997
279.269589,270.692566,399,7.051817,-10.404918,-13.807792
272.075676,222.556973,401,0.097443,5.458803,-14.997939
343.607506,193.667661,403,0.150439,14.092786,7.180633
334.333143,289.985608,405,7.567101,-16.548773,4.745284
303.070456,190.833034,407,3.612258,15.586377,-5.36682
303.931116,289.454939,409,2.946308,-15.55751,-5.054941
372.798319,244.619254,411,6.914289,-1.475989,16.870633
348.085721,195.053451,413,2.604943,13.686268,8.55213
328.291027,187.652518,415,6.92703,16.728848,2.649589
343.233671,192.363916,417,7.40241,15.300125,7.462369
373.597492,233.419055,419,1.924616,1.932879,15.742035
320.0,294.0,421,3.880387,-16.225977,-0.0
283.172089,200.5069,423,7.495414,12.346076,-11.512902
358.844349,277.511552,425,2.758152,-11.126443,11.521769
311.396104,185.677141,427,5.60758,16.189357,-2.564142
269.004888,260.603363,429,7.303167,-6.253335,-15.477547
315.206434,294.790708,431,2.445687,-15.752597,-1.378174
336.995935,292.308108,433,8.183751,-16.023146,5.206236
320.977335,295.991471,435,6.441415,-16.389476,0.286079
273.573896,271.314803,437,1.186539,-8.632126,-12.797654
294.576532,190.103635,439,5.62971,14.477155,-7.376479
372.622787,259.153128,441,4.018524,-5.458181,14.996228
265.490629,223.334813,443,1.056044,4.466414,-14.608982
353.503759,286.113969,445,8.173775,-13.387456,9.726556
357.395365,196.981554,447,5.609602,12.151869,10.563459
298.647424,187.15052,449,3.112026,14.514436,-5.864213
278.987807,198.987807,451,4.979954,11.208642,-11.208642
292.770649,188.78904,453,6.072766,14.164967,-7.531647
348.118958,189.272057,455,6.19135,14.04941,7.787715
366.922986,274.091545,457,0.984007,-8.893739,12.241182
261.439777,247.190291,459,0.749496,-1.823065,-14.847671
378.103657,229.754758,461,0.65023,2.594467,14.713956
267.430615,213.214561,463,7.142099,7.304622,-14.336127
305.726608,297.247448,465,4.304107,-15.134658,-3.773494
365.282575,279.363542,467,0.793426,-9.737218,11.201388
377.063391,258.54102,469,3.88921,-4.757274,14.641383
369.149123,274.414586,471,2.541827,-8.693532,12.41565
317.90603,299.96345,473,2.483164,-15.13703,-0.528597
259.751011,230.457498,475,3.497294,2.377777,-15.012694
370.571292,205.889233,477,2.072095,8.359231,12.393069
271.283234,276.710716,479,4.737414,-9.276968,-12.310952
381.0,240.0,481,7.466153,0.0,15.878139
306.053035,179.589056,483,5.869358,15.085577,-3.48278
259.841665,225.000842,485,1.317157,3.554815,-14.257586
258.763323,249.698937,487,1.242356,-2.296576,-14.500011
258.60338,231.371268,489,3.745389,2.104254,-14.972543
293.37505,182.902609,491,3.314392,13.526768,-6.307636
379.916561,220.531929,493,0.196978,4.443051,13.674305
289.456994,295.101042,495,4.237823,-13.192234,-7.312575
347.617382,183.375975,497,5.504585,13.749598,6.706127
262.975582,269.055392,499,7.620243,-7.048961,-13.834364
361.138407,289.026844,501,3.5523,-11.374754,9.544552
382.359684,225.603133,503,4.917171,3.392163,14.693073
371.777088,202.381744,505,6.113449,8.9808,12.36101
381.458707,218.83807,507,1.937909,4.707184,13.670654
371.220699,280.017996,509,4.853559,-9.205688,11.782744
274.038059,285.961941,511,4.49625,-10.530828,-10.530828
322.268467,175.039596,513,5.751711,15.09228,0.527034
321.151859,305.989948,515,8.30069,-15.396112,0.26874
358.793827,186.604878,517,1.506167,11.548205,8.390262
259.24668,214.211746,519,5.323535,5.82828,-13.730568
269.441067,282.423982,521,1.81501,-9.209459,-10.975406
289.582637,299.697437,523,1.588537,-12.635802,-6.438263
273.457889,288.195767,525,4.659433,-10.571237,-10.208525
254.230979,227.215797,527,5.651564,2.835057,-14.585103
340.704139,176.279213,529,5.64877,14.130449,4.591261
348.738042,301.62893,531,1.041024,-12.673683,5.909836
288.075934,179.959564,533,3.079413,12.649923,-6.726083
309.362456,307.162807,535,5.670496,-14.569875,-2.307642
387.834355,235.25656,537,5.564864,1.027821,14.698529
346.960448,176.485165,539,2.900678,13.064901,5.545721
320.0,171.0,541,3.009876,14.211243,-0.0
340.173648,174.014972,543,2.040343,13.436229,4.107867
386.327057,220.981022,545,7.078654,4.098246,14.292283
330.950413,309.138184,547,6.309132,-14.460281,2.290284
264.839247,196.903697,549,1.115029,8.493091,-10.87066
377.340643,280.150351,551,7.946068,-8.544591,12.202941
298.36881,173.426044,553,1.639792,13.203349,-4.290028
259.141122,276.567703,555,7.200529,-7.558857,-12.58005
324.95271,310.827048,557,5.746084,-14.413222,1.007871
352.233325,303.261463,559,5.696744,-12.86669,6.555906
332.329021,309.92135,561,2.323004,-13.686205,2.413247
267.342533,289.103882,563,6.765812,-9.893588,-10.609574
277.679462,181.750776,565,1.012888,10.990668,-7.985187
390.677157,253.738248,567,5.640557,-2.734517,14.067869
248.700699,229.979537,569,1.888742,1.910778,-13.595892
371.618795,291.618795,571,5.143519,-10.009071,10.009071
358.684106,178.092489,573,2.136058,11.597343,7.246824
282.402221,177.426787,575,5.230196,12.144815,-7.297341
260.941759,197.091677,577,3.206731,8.139645,-11.20326
275.465688,180.900972,579,7.613899,11.531137,-8.689335
345.309491,170.462746,581,4.64389,13.137825,4.781777
385.934483,273.595297,583,1.359031,-6.10926,11.990097
248.866635,260.397164,585,5.538625,-3.892106,-13.573387
390.913893,215.582388,587,2.59163,4.416171,12.825493
248.670761,216.823725,589,5.926739,4.352683,-13.396181
313.463319,314.714602,591,7.758949,-14.309138,-1.251887
383.603607,279.743945,593,1.272414,-7.075897,11.323803
395.064314,251.889019,595,3.817269,-2.138065,13.499208
388.308348,273.316207,597,7.403331,-6.23178,12.777042
329.26207,315.433508,599,0.601072,-13.058256,1.603352
244.0,240.0,601,7.603345,-0.0,-14.245721
376.314235,187.486126,603,5.630581,9.450145,10.13404
266.511305,295.389165,605,8.294094,-10.254353,-9.902513
396.052002,227.954546,607,5.701136,2.169317,13.69653
291.155292,168.606843,609,4.429591,12.67737,-5.12199
242.296814,233.201852,611,0.785205,1.134417,-12.96644
245.817592,264.103326,613,2.165959,-4.089673,-12.586719
242.01188,241.361288,615,7.234637,-0.244462,-14.005201
276.382954,175.335069,617,1.468243,10.88071,-7.339132
390.389515,204.134751,619,1.357153,5.912635,11.604199
292.980409,314.235717,621,1.263187,-12.224361,-4.449303
343.097365,164.451924,623,7.52446,13.351002,4.081811
256.087657,286.435035,625,3.480594,-7.8492,-10.803497
380.376766,292.484722,627,3.96714,-8.754564,10.070974
394.174708,210.031473,629,0.990606,4.826642,11.946359
376.568542,183.431458,631,5.543477,9.603413,9.603413
390.635807,202.442275,633,4.531511,6.304788,11.857582
390.844196,279.269579,635,5.10359,-6.511886,11.747753
272.389395,305.530377,637,1.774917,-10.457923,-7.598126
310.128583,159.603762,639,3.130777,13.0369,-1.60073
334.065502,319.769428,641,3.853265,-13.043148,2.299859
357.227221,166.937465,643,2.298122,11.518794,5.869119
240.43575,220.162405,645,4.964254,3.22459,-12.933123
266.20316,301.886186,647,1.227778,-9.632531,-8.373431
294.660606,317.986634,649,1.101353,-12.119926,-3.938003
272.393156,307.98962,651,6.471711,-11.032967,-7.725367
237.050561,237.103342,653,0.564116,0.439161,-12.575922
332.984061,158.021868,655,0.802158,12.465077,1.974274
366.413011,308.810119,657,7.365842,-11.273021,7.603748
269.447538,172.914617,659,8.194647,10.888822,-8.205316
320.0,324.0,661,4.599098,-13.115834,-0.0
401.847085,221.104111,663,6.87387,3.024728,13.101536
340.321439,158.495159,665,7.773094,13.171301,3.283974
306.70307,156.046491,667,6.242307,13.11302,-2.076898
331.829714,155.827214,669,0.935336,12.369866,1.738471
397.036162,204.077448,671,2.286764,5.365541,11.50644
346.266445,320.839804,673,7.040915,-12.735243,4.137931
244.782705,198.306373,675,0.082813,5.957631,-10.747851
397.296288,277.699919,677,0.18041,-5.393522,11.058358
280.956817,163.373439,679,2.998869,11.340512,-5.77828
254.120178,295.279734,681,4.236186,-8.298118,-9.889312
339.570742,324.770196,683,1.537664,-12.118751,2.797834
371.137317,310.384479,685,3.003282,-10.238146,7.438449
348.324429,322.260116,687,3.569866,-12.044147,4.147132
266.437452,308.556936,689,3.603078,-10.041616,-7.84537
257.774603,177.774603,691,6.42863,9.245047,-9.245047
407.946393,243.071156,693,2.606308,-0.437107,12.517093
232.013403,241.535812,695,7.737167,-0.231374,-13.255415
391.193496,291.725102,697,6.793684,-7.715134,10.618971
354.77507,158.075068,699,3.481286,11.581232,4.915941
262.791903,171.822045,701,0.706017,9.325256,-7.824819
240.700419,199.594846,703,0.071825,5.483323,-10.761627
255.978758,178.175405,705,0.342179,8.418379,-8.717486
337.17281,151.653553,707,1.091227,11.939122,2.32073
405.595086,267.811529,709,3.70927,-3.876327,11.930107
238.432299,278.035644,711,1.100054,-5.140682,-11.024227
399.465283,197.747559,713,1.05439,5.707427,10.734108
230.120361,225.764464,715,3.954369,1.956975,-12.355854
326.347839,330.778329,717,8.215132,-13.070262,0.913962
403.765942,275.556533,719,3.764711,-4.877439,11.490526
411.0,240.0,721,7.269619,0.0,12.973073
407.980038,266.898197,723,7.858115,-3.795699,12.415171
345.358637,328.436076,725,5.21017,-12.129372,3.478041
229.132673,254.391971,727,0.549088,-1.869397,-11.802909
376.640856,167.503011,729,4.810175,9.899176,7.734084
266.657391,316.18114,731,6.535895,-10.430127,-7.303253
408.448256,211.26142,733,0.248527,3.659219,11.261918
272.101459,160.283441,735,4.466308,10.668716,-6.410411
227.226543,246.487352,737,6.213489,-0.885115,-12.657741
236.245387,282.675107,739,8.358982,-5.8613,-11.503448
227.428071,256.322929,741,7.709884,-2.226809,-12.628862
255.892154,171.252752,743,3.186401,8.922972,-8.320806
396.047597,184.748186,745,2.768525,7.136568,9.822643
301.873145,333.254582,747,3.075769,-11.897995,-2.312736
333.221445,145.924533,749,0.383473,11.621584,1.633307
252.824856,307.175144,751,8.157817,-9.062105,-9.062105
400.564569,290.34233,753,7.159376,-6.720544,10.755119
402.288061,190.556345,755,5.858891,6.407491,10.663856
376.427384,162.334369,757,0.20239,9.423679,6.846703
396.669009,182.225758,759,3.510612,7.292854,9.677944
410.210492,272.833934,761,7.718117,-4.340405,11.925164
275.962922,326.427633,763,1.161921,-10.447571,-5.323303
293.263176,146.757615,765,5.384422,11.835366,-3.393736
351.580111,331.715302,767,7.074718,-11.856338,4.082465
349.974648,147.747518,769,0.220914,11.023485,3.581748
222.37292,231.458737,771,7.445007,1.091568,-12.476678
268.067912,323.108713,773,0.569431,-9.821536,-6.137177
304.669422,336.793457,775,6.112903,-12.195248,-1.931537
277.039628,328.081817,777,6.391222,-11.131087,-5.428994
221.737931,252.065065,779,5.451283,-1.486355,-12.105387
320.0,141.0,781,6.226417,12.299856,-0.0
387.517838,312.404016,783,6.992398,-9.069768,8.457695
248.78536,171.228821,785,1.87383,8.132003,-8.420936
335.643447,338.768834,787,7.555423,-12.260056,1.941802
412.718385,202.539341,789,4.36044,4.491029,11.115686
328.715574,140.38053,791,1.683778,11.577113,1.012866
289.098301,144.894348,793,2.293093,11.133034,-3.617342
318.237307,139.015383,795,3.912227,11.866931,-0.207138
403.732795,183.521517,797,5.978829,6.791292,10.068505
365.85304,329.991659,799,3.359884,-10.508404,5.354299
225.091045,205.455966,801,6.978792,4.198696,-11.535822
417.543085,269.821914,803,2.75456,-3.407211,11.144484
260.045904,157.480267,805,8.339512,10.024926,-7.283535
253.081979,316.980377,807,2.483524,-8.767233,-7.621239
358.209873,334.572753,809,6.53576,-11.272797,4.554506
392.831998,312.831998,811,5.336013,-8.44424,8.44424
368.355571,330.943602,813,7.287472,-10.768665,5.725801
270.064609,330.08583,815,3.993422,-10.288854,-5.703205
236.67125,179.458119,817,0.53053,6.636876,-9.134876
423.2248,227.325588,819,2.211231,1.39754,11.382052
217.579994,258.05941,821,4.027808,-2.033713,-11.533758
412.664679,287.215012,823,1.693419,-5.174118,10.154779
345.159877,139.089244,825,1.324643,11.009422,2.744957
240.755494,171.113802,827,0.465604,7.33101,-8.433362
220.139066,207.553216,829,7.059749,3.723789,-11.460643
233.989035,179.774474,831,6.820052,6.894219,-9.845966
323.664447,135.063963,833,4.982171,11.774255,0.411166
424.694964,256.582053,835,4.3211,-1.820779,11.495947
232.122017,299.274448,837,7.758147,-6.756238,-10.016535
404.655364,176.207608,839,6.801337,7.197998,9.552066
214.0,240.0,841,0.987943,-0.0,-11.193029
344.069763,344.257597,843,0.017605,-10.72581,2.476248
423.821643,265.885643,845,4.610293,-2.811728,11.277226
425.682652,223.261512,847,1.273138,1.748827,11.041658
425.958683,254.891522,849,0.416589,-1.539628,10.955021
365.642772,337.881241,851,3.394456,-10.340784,4.821987
217.285896,273.373835,853,2.632148,-3.494714,-10.755623
372.359439,145.541072,855,4.411707,10.095518,5.596037
272.655916,337.069757,857,1.142445,-9.985409,-4.870209
417.119711,190.515036,859,4.734617,5.235135,10.274531
249.936151,156.501156,861,7.773231,9.128628,-7.659829
213.793663,264.519665,863,0.723462,-2.474968,-10.720265
231.817148,304.068593,865,1.852164,-6.555969,-9.023517
215.992957,275.812497,867,2.387413,-3.637781,-10.564883
233.318817,172.277238,869,6.454016,7.201613,-9.217644
397.781746,162.218254,871,0.211898,7.695529,7.695529
316.161055,349.932991,873,0.216173,-10.877069,-0.379836
318.062783,129.016906,875,4.676654,11.417872,-0.1993
254.755837,329.800886,877,3.084467,-9.072543,-6.591588
422.176039,283.371155,879,2.766872,-4.365588,10.284681
405.030933,168.650575,881,7.956472,7.605051,9.063347
370.846936,140.207269,883,6.692332,10.355407,5.276343
397.801737,159.433942,885,3.685402,8.086596,7.809135
429.942245,261.370607,887,3.811468,-2.148109,11.051061
285.390097,346.51833,889,1.82082,-10.460829,-3.398929
272.244136,137.58722,891,4.718912,10.262534,-4.785498
373.050287,339.773078,893,0.29197,-9.490246,5.046053
337.677095,128.391218,895,5.207602,11.244987,1.781031
207.275262,247.882482,897,7.850174,-0.817071,-11.684653
275.456651,344.937553,899,4.377847,-10.337827,-4.388147
320.0,354.0,901,4.946993,-11.302393,0.0
286.669626,349.018742,903,7.525991,-11.114297,-3.397981
210.416167,271.422659,905,2.045245,-3.013121,-10.508002
302.010037,126.415841,907,3.666231,10.9551,-1.735117
410.621237,310.80107,909,7.448427,-7.118303,9.111012
225.797515,174.03871,911,4.294708,6.407532,-9.150905
355.536954,349.371499,913,2.195116,-10.369576,3.36928
419.431407,180.255583,915,6.828557,5.890311,9.803124
311.908249,124.28257,917,3.569334,11.004613,-0.769517
267.337102,136.643243,919,0.670933,9.496563,-4.838741
299.856811,125.762301,921,6.985649,11.281779,-1.989282
405.568383,160.206192,923,5.204966,7.630552,8.182766
388.770875,334.654988,925,2.684436,-8.795732,6.390473
205.14962,217.675348,927,7.84133,2.196241,-11.298682
435.861364,256.283253,929,6.380629,-1.57726,11.222786
236.5614,156.5614,931,6.738696,8.010411,-8.010411
257.469527,340.069675,933,7.124827,-9.646658,-6.027901
380.774493,341.145741,935,7.144862,-9.752462,5.859871
415.464005,309.35866,937,5.437574,-6.565348,9.036426
391.615988,335.037626,939,1.139527,-8.452346,6.3693
279.299603,351.823422,941,5.284404,-10.4342,-3.797738
213.970224,185.975131,943,7.299735,5.151992,-10.111353
434.390142,207.199155,945,1.058989,2.914347,10.163535
206.537771,279.068179,947,0.653908,-3.410947,-9.906109
434.126782,277.082039,949,1.731626,-3.280174,10.095338
330.458689,120.456636,951,0.841661,10.461111,0.915229
218.234228,176.409688,953,2.330855,5.665263,-9.066317
200.489711,221.07143,955,0.090492,1.620813,-10.233412
211.24592,186.957091,957,2.933192,4.700222,-9.636883
305.253809,119.901916,959,6.204619,11.040106,-1.355555
441.0,240.0,961,5.637808,0.0,11.054579
230.774848,323.2038,963,4.119713,-7.38231,-7.916558
404.748321,152.240544,965,1.003147,7.506462,7.248906
199.502022,259.085005,967,0.574133,-1.623864,-10.252674
365.702004,353.11643,969,0.4242,-9.606809,3.881403
442.531948,250.720156,971,8.053327,-0.980568,11.207943
436.979952,201.99091,973,6.428566,3.417393,10.517655
442.981267,237.853354,975,5.867778,0.191836,10.990252
388.780727,341.971621,977,6.262789,-9.151875,6.173017
209.515191,296.294822,979,2.30943,-4.773391,-9.368307
362.410498,123.478115,981,2.356499,9.885702,3.598101
283.745909,358.58179,983,1.632984,-9.97417,-3.04941
420.318107,167.114629,985,7.661738,6.559418,9.028264
225.661302,157.992621,987,2.888849,6.917236,-7.95737
204.102018,286.825824,989,5.051173,-4.048051,-10.019278
231.611652,328.388348,991,4.467695,-7.591451,-7.591451
209.631551,298.683945,993,7.351181,-5.201064,-9.781779
209.797917,178.913988,995,5.422186,5.239532,-9.452366
394.060942,138.063859,997,6.6147,8.857401,6.435279
335.355537,365.060815,999,5.083068,-10.686726,1.312165
298.12033,115.914223,1001,6.573394,10.777242,-1.900319
262.343207,353.157829,1003,1.700545,-9.190146,-4.682613
443.227557,270.724081,1005,3.374997,-2.54487,10.206915
403.319497,144.151883,1007,6.787587,8.245478,7.167685
359.245158,119.215822,1009,6.789083,10.390806,3.376178
393.417784,135.148538,1011,1.690452,8.414927,5.892195
447.922026,244.467136,1013,1.418907,-0.357344,10.232982
299.976388,366.424108,1015,1.18373,-10.084405,-1.597213
248.423308,133.883191,1017,0.415075,8.3852,-5.655889
397.634138,343.023981,1019,5.207482,-8.510037,6.412773
320.0,111.0,1021,0.605514,10.098809,0.0
194.306262,269.018686,1023,3.579737,-2.353466,-10.193983
288.792075,365.168149,1025,2.440905,-10.01784,-2.497728
340.33648,368.399484,1027,3.166416,-10.24457,1.622581
301.907497,368.734849,1029,2.652686,-10.210025,-1.434925
202.179988,294.940374,1031,3.310204,-4.390806,-9.416113
279.827791,116.362653,1033,3.655143,9.920301,-3.223301
434.575182,303.51006,1035,6.761331,-5.213766,9.405882
202.25798,182.57338,1037,5.728997,4.662026,-9.558569
379.472755,356.721855,1039,0.641485,-8.933107,4.551645
420.351822,155.794823,1041,5.411862,6.812225,8.118494
290.306461,111.383151,1043,4.351434,10.166309,-2.347077
242.412347,133.209757,1045,6.995625,8.689042,-6.312959
277.025004,115.191548,1047,5.142278,9.952847,-3.42704
401.267315,135.982581,1049,4.211924,8.208946,6.413531
414.045202,334.045202,1051,0.039709,-6.983564,6.983564
187.08102,235.358367,1053,0.019647,0.34459,-9.867762
452.979743,237.67883,1055,5.809915,0.184366,10.562343
212.40074,161.824561,1057,8.068729,6.36058,-8.754587
267.642029,363.34765,1059,5.78884,-9.685588,-4.111288
406.13354,342.649955,1061,3.735724,-7.877569,6.610065
439.394874,300.834727,1063,0.594851,-4.497823,8.827474
416.391533,333.084222,1065,0.096106,-6.839785,7.082805
294.240786,372.51967,1067,7.096101,-10.436255,-2.028602
191.60737,198.282706,1069,5.855033,3.241765,-9.977126
442.351551,182.946535,1071,3.738627,4.329986,9.285684
200.802075,303.378661,1073,6.769275,-4.973879,-9.354506
454.325614,261.275087,1075,8.187635,-1.676113,10.582561
310.51312,104.331289,1077,4.394919,10.259129,-0.717388
194.81134,186.860567,1079,1.016286,3.862418,-9.099286
184.0,240.0,1081,8.36917,-0.0,-10.734637
188.986248,199.945076,1083,1.7397,2.90484,-9.501304
282.237682,108.307148,1085,1.066055,9.47317,-2.716388
455.313303,218.568478,1087,2.338961,1.565362,9.883306
235.654378,347.957473,1089,1.425167,-7.799675,-6.093774
399.153548,126.957018,1091,2.375453,8.170613,5.721125
188.754201,282.644345,1093,7.571766,-3.265803,-10.051108
391.075254,358.289087,1095,3.763189,-8.688665,5.220676
457.663839,230.373607,1097,3.948006,0.708577,10.133124
443.849907,176.895321,1099,8.049542,4.804592,9.429542
456.888278,215.862903,1101,6.380693,1.805527,10.239652
414.797772,341.658165,1103,0.376411,-7.095066,6.616256
207.546638,321.70215,1105,5.95968,-6.083763,-8.373581
346.713259,102.572194,1107,6.535093,10.186978,1.980148
300.515766,378.63753,1109,0.078933,-9.537166,-1.340361
418.994949,141.005051,1111,2.021255,6.973134,6.973134
201.273267,165.811303,1113,0.279684,5.116361,-8.18789
199.139411,312.620369,1115,7.087088,-5.357389,-8.916193
237.122279,354.071396,1117,1.557328,-7.905774,-5.743881
207.392393,324.855918,1119,6.814946,-6.241921,-8.283308
187.50334,191.77516,1121,2.8532,3.393956,-9.324819
384.466651,113.477074,1123,1.066506,8.624881,4.394596
359.140505,376.499161,1125,3.464033,-9.572712,2.744931
273.769322,105.736362,1127,1.254222,9.173448,-3.158671
276.119587,375.050025,1129,7.006222,-9.849458,-3.200283
462.455842,252.463271,1131,7.236655,-0.901654,10.305956
395.778455,118.729122,1133,1.597219,8.232981,5.144538
342.370129,98.760567,1135,7.700734,10.268026,1.626295
382.687074,111.472451,1137,0.008045,8.557331,4.173689
462.926646,222.450815,1139,7.168542,1.255486,10.225115
320.0,384.0,1141,7.34654,-10.321323,-0.0
221.792236,134.685067,1143,5.669325,7.413632,-6.913324
423.584931,340.030805,1145,6.069982,-7.072477,7.323765
297.317003,96.785191,1147,0.972379,9.450483,-1.49681
185.558341,294.317956,1149,8.110376,-3.884036,-9.613328
307.362417,384.448231,1151,4.948826,-9.983709,-0.873461
364.807464,377.903195,1153,8.244275,-9.874559,3.208439
322.548051,385.977763,1155,6.463495,-10.152801,0.177218
198.960514,321.642164,1157,4.008305,-5.52618,-8.192899
253.717387,109.913047,1159,2.324302,8.635189,-4.399849
457.195123,289.934941,1161,7.369969,-3.506706,9.634595
179.423201,197.021359,1163,3.133794,2.850743,-9.324359
406.404432,358.925498,1165,2.552138,-7.834877,5.692371
416.440677,129.057692,1167,3.226612,7.366637,6.40372
264.932831,103.703973,1169,0.708536,8.782587,-3.548395
215.348196,135.348196,1171,0.494195,6.657682,-6.657682
250.518209,109.323756,1173,4.761193,8.740321,-4.647311
391.751824,110.556283,1175,5.340903,8.713768,4.83012
439.734515,326.992217,1177,5.719854,-5.88048,8.093786
172.110623,258.158532,1179,0.696992,-1.14645,-9.337083
466.736355,214.126422,1181,0.401137,1.627595,9.230551
187.240028,172.355416,1183,2.922825,4.386017,-8.608043
283.953638,384.574063,1185,0.391308,-9.093424,-2.267245
433.206437,338.408854,1187,8.348381,-6.704413,7.712545
462.658477,286.352549,1189,0.479346,-2.889522,8.893034
442.872807,326.036465,1191,7.474504,-5.808291,8.2951
314.765075,389.908624,1193,4.61963,-9.81127,-0.342617
170.859061,216.378396,1195,4.157743,1.522719,-9.614072
445.184673,155.561872,1197,6.869958,5.607806,8.313914
199.406038,330.874068,1199,6.997274,-6.043429,-8.019901
471.0,240.0,1201,6.814779,-0.0,10.022487
285.80744,91.89575,1203,8.103274,9.866474,-2.277855
172.51505,203.227872,1205,2.305425,2.297333,-9.214099
169.871372,263.778039,1207,4.408591,-1.522007,-9.609574
169.479254,218.845689,1209,5.116491,1.364815,-9.711161
255.339406,101.334909,1211,4.197905,8.768057,-4.088612
465.511647,192.7204,1213,0.347053,2.856374,8.791015
245.824128,373.816815,1215,5.131709,-8.55041,-4.73957
387.070785,102.484511,1217,2.9614,8.572869,4.181268
182.784995,309.914537,1219,6.298596,-4.480669,-8.793807
418.989292,357.970844,1221,1.279262,-7.138913,5.990259
470.05299,205.357538,1223,5.467455,2.200141,9.529857
444.588617,149.481071,1225,5.891204,5.775579,7.949403
466.555379,189.536936,1227,7.652986,3.249329,9.436735
442.141667,335.427529,1229,5.099593,-5.977711,7.651122
210.398449,349.601551,1231,0.207287,-6.482523,-6.482523
325.409422,85.094422,1233,2.786142,9.451344,0.330048
322.722575,395.97624,1235,0.042268,-9.11808,0.159157
411.694499,113.793349,1237,5.702652,7.882038,5.726636
176.401243,179.045944,1239,0.554937,3.585998,-8.448083
200.497067,340.274867,1241,3.125891,-6.083405,-7.24992
248.723492,379.888024,1243,4.074121,-8.497583,-4.329735
210.938636,352.936349,1245,2.952336,-6.772518,-6.540145
165.884532,210.042988,1247,2.756538,1.79235,-9.220841
368.515668,90.684127,1249,0.273233,8.670362,2.817172
386.773685,383.19663,1251,1.872555,-8.398165,3.916129
245.823493,100.49428,1253,7.758652,8.737857,-4.646001
295.283355,396.054758,1255,1.780448,-9.142194,-1.447981
477.61512,228.978477,1257,1.994556,0.647329,9.257234
382.126249,93.639728,1259,7.618188,9.067477,3.848916
320.0,81.0,1261,3.578771,9.423483,-0.0
366.487101,87.947544,1263,7.245079,9.383148,2.868716
472.84061,196.17366,1265,5.631385,2.657932,9.26931
345.029514,398.030134,1267,0.295221,-8.921938,1.413096
193.918279,141.494164,1269,3.931623,5.806884,-7.432472
451.064327,331.77223,1271,2.767704,-5.337794,7.623159
270.557281,87.830957,1273,3.348535,8.910582,-2.895223
181.996065,322.92113,1275,6.753717,-4.995822,-8.314444
331.230792,400.607812,1277,5.977416,-9.595611,0.67099
393.09247,383.45205,1279,7.399329,-8.70215,4.433967
347.957357,398.554048,1281,7.36634,-9.614926,1.695371
201.5207,350.483734,1283,5.532588,-6.508179,-6.979168
224.778789,108.939247,1285,3.796813,7.571709,-5.501168
479.023604,270.911057,1287,0.17501,-1.710377,8.799127
159.576573,217.453958,1289,3.311277,1.295301,-9.216547
435.258405,355.258405,1291,6.334724,-6.786049,6.786049
406.37684,101.76816,1293,4.677703,7.9918,4.993831
236.048794,100.28173,1295,0.038824,7.646892,-4.594716
188.13023,144.191004,1297,3.749317,5.481293,-7.544353
221.302336,109.023776,1299,0.449301,7.139285,-5.379837
376.091304,85.89041,1301,6.935304,9.0487,3.293458
466.12507,314.454442,1303,8.159035,-4.428292,8.691012
162.353082,285.204526,1305,1.916182,-2.5083,-8.747482
476.010565,186.281255,1307,5.832306,3.088576,8.969876
163.075675,189.012196,1309,4.634016,2.892983,-8.903686
305.619302,404.372125,1311,1.658122,-9.009996,-0.788273
459.927936,327.436679,1313,5.229433,-4.994026,7.992113
483.956265,265.968121,1315,2.852079,-1.430661,9.03284
469.199812,312.76961,1317,7.378328,-4.215512,8.64308
340.230311,404.762661,1319,7.642427,-9.571194,1.175195
154.0,240.0,1321,7.064994,-0.0,-9.584456
442.136068,126.106274,1323,4.303249,6.322887,6.780466
203.992052,360.129747,1325,5.432606,-6.753551,-6.521828
484.943953,213.875444,1327,2.991414,1.428689,9.020385
257.440699,85.160296,1329,4.703462,8.634769,-3.488673
152.639291,225.357835,1331,5.967292,0.820613,-9.379648
160.222505,291.914855,1333,3.606857,-2.833855,-8.721709
152.025587,242.932004,1335,2.456962,-0.157924,-9.04745
226.055592,100.721688,1337,7.456144,7.931189,-5.349655
470.580103,163.275606,1339,0.819808,4.016164,7.882165
262.198596,398.808053,1341,5.332464,-8.760313,-3.188493
369.410818,78.384496,1343,7.774765,9.152184,2.798103
183.276128,339.335708,1345,3.290918,-5.354837,-7.370301
448.300629,351.530035,1347,0.279091,-5.748186,6.612531
477.621255,176.316879,1349,1.330653,3.324755,8.229056
440.208153,119.791847,1351,0.753958,6.231864,6.231864
470.101091,160.189834,1353,3.939038,4.296181,8.079942
469.55997,322.902445,1355,0.545341,-4.249288,7.665918
219.488722,378.341906,1357,4.386796,-7.419233,-5.390388
299.160342,70.274608,1359,4.458165,9.109634,-1.118522
349.693838,408.402126,1361,6.824749,-9.276062,1.63562
398.086366,86.746878,1363,0.540741,7.786369,3.967353
153.109135,198.389434,1365,5.384867,2.236861,-8.971559
207.157847,369.810048,1367,7.862138,-7.166122,-6.229415
266.849077,403.581721,1369,0.153356,-8.271334,-2.687519
220.771277,381.713304,1371,6.867963,-7.674534,-5.373767
147.105387,233.962387,1373,1.931692,0.309271,-8.856375
347.063162,69.129917,1375,6.692528,9.236195,1.46287
416.740372,383.4235,1377,0.820656,-7.248759,4.88935
215.284186,101.037421,1379,0.940942,6.973092,-5.254602
320.0,414.0,1381,3.160033,-8.964762,0.0
489.540391,200.858517,1383,0.142596,1.944861,8.42412
362.09441,71.168544,1385,2.922347,8.674486,2.162792
292.623969,67.15454,1387,7.389248,9.251525,-1.465298
344.355293,66.703088,1389,3.492704,8.886167,1.248869
478.603863,166.041804,1391,4.539493,3.83773,8.230038
374.077974,406.43489,1393,6.253381,-8.80099,2.859615
166.066932,154.673507,1395,7.97841,4.556279,-8.219745
478.187752,317.153322,1397,0.158527,-3.769181,7.727967
240.097672,83.182852,1399,3.780212,7.999005,-4.075697
185.176178,353.130619,1401,1.840632,-5.641347,-6.723095
359.816337,412.463501,1403,7.639892,-9.099032,2.100677
424.03799,383.196008,1405,3.582675,-7.226042,5.250027
377.625563,407.356788,1407,4.026717,-8.48817,2.922711
211.027919,379.477903,1409,0.889887,-6.817513,-5.326425
194.134993,114.134993,1411,5.590514,6.441466,-6.441466
497.891567,246.21211,1413,5.546036,-0.317766,9.099618
142.02711,243.106528,1415,5.180953,-0.158269,-9.067218
464.005025,344.625775,1417,5.901912,-5.372749,7.394955
389.940872,75.229631,1419,2.533901,8.076807,3.428401
204.941018,102.878045,1421,5.532219,6.954395,-5.83543
160.509832,158.735701,1423,6.652802,4.171878,-8.187772
191.238176,115.656152,1425,6.552022,6.376561,-6.603123
354.345619,63.307107,1427,0.3387,8.364573,1.625908
491.190173,295.623059,1429,0.487061,-2.638012,8.118966
156.864598,316.071287,1431,6.358961,-3.860569,-8.279018
478.930567,155.495119,1433,1.767546,4.070662,7.655801
141.22841,211.685362,1435,7.5799,1.443702,-9.115173
332.625922,420.559093,1437,0.924013,-8.538137,0.597045
486.611378,310.722334,1439,2.796561,-3.419918,8.056821
501.0,240.0,1441,4.403528,0.0,8.915423
494.047466,293.21165,1443,7.59114,-2.691133,8.8023
370.165999,414.949629,1445,5.554994,-8.656582,2.482235
140.240722,268.471073,1447,6.749161,-1.427106,-9.010391
432.050389,96.582043,1449,2.805564,6.878901,5.374387
215.035512,389.904824,1451,3.553741,-7.193234,-5.036757
494.043342,183.44989,1453,1.722997,2.655933,8.17412
225.748032,83.138384,1455,3.320534,7.50688,-4.510588
137.445779,252.765435,1457,5.915162,-0.62894,-8.994268
156.0548,323.534252,1459,0.229859,-3.821067,-7.499266
138.795373,271.951265,1461,0.298759,-1.462782,-8.29585
194.512302,105.430919,1463,0.535361,6.178856,-5.761877
468.859127,131.847514,1465,1.638654,5.033043,6.927389
284.700336,421.601029,1467,7.826072,-8.983914,-1.746296
345.747024,56.800407,1469,7.221368,9.005518,1.265643
189.185245,370.814755,1471,2.810779,-6.122774,-6.122774
476.888898,338.035064,1473,6.473176,-4.780766,7.650826
479.433118,144.202918,1475,2.290988,4.42058,7.357081
429.328057,89.522839,1477,8.339879,7.423803,5.393709
468.546205,128.062406,1479,4.596348,5.304308,7.039054
494.782827,303.615747,1481,5.805371,-3.055103,8.393828
235.103777,406.61822,1483,0.555145,-7.468881,-3.805585
268.455814,60.244063,1485,0.928552,8.094808,-2.321149
380.881245,416.811974,1487,3.853882,-8.241871,2.837904
377.786178,62.152431,1489,4.785724,8.377758,2.722099
132.715397,223.61472,1491,5.620765,0.772807,-8.833221
220.375178,399.433042,1493,6.349462,-7.579428,-4.736152
290.590321,425.685408,1495,1.781469,-8.381184,-1.327449
237.586224,408.973281,1497,4.4969,-7.870796,-3.838844
132.408777,263.033306,1499,5.163579,-1.072334,-8.733463
320.0,51.0,1501,8.206686,9.090656,-0.0
448.89769,378.22585,1503,2.326907,-6.229846,5.809426
184.044778,108.709568,1505,7.582877,6.273909,-6.496823
349.722548,427.660785,1507,6.165856,-8.763469,1.387997
496.164932,168.824747,1509,5.027032,3.282523,8.12453
336.559591,50.723007,1511,3.63116,8.592871,0.751779
261.286771,59.299262,1513,8.113051,8.614568,-2.799043
316.66659,49.02909,1515,3.105273,8.549779,-0.149237
478.346176,133.194155,1517,3.538256,4.805659,7.124683
406.712185,410.182246,1519,6.383238,-7.90346,4.027014
140.518709,174.674153,1521,6.079986,3.023874,-8.308025
503.610513,296.135367,1523,4.199224,-2.525018,8.258963
207.145232,84.668737,1525,3.803996,6.955629,-5.05356
194.036666,384.904239,1527,7.621665,-6.765565,-5.881216
391.924466,418.0193,1529,6.753404,-8.235583,3.327392
456.471609,376.471609,1531,6.934869,-6.276632,6.276632
410.608012,410.408885,1533,7.385441,-7.875012,4.187218
226.431743,408.801603,1535,3.069424,-7.436998,-4.122395
163.85972,126.557446,1537,4.018588,5.052782,-6.954558
512.553953,216.357347,1539,6.105151,1.069402,8.709577
128.947296,273.687746,1541,2.103116,-1.456126,-8.258102
492.855266,328.074157,1543,3.526282,-3.870742,7.596758
366.932848,51.762629,1545,2.910588,8.214062,2.047996
172.831632,112.068489,1547,1.866278,5.471801,-6.294587
134.543979,179.741686,1549,6.710944,2.722368,-8.378588
160.265351,128.152595,1551,7.140971,5.076282,-7.249682
326.805402,45.118789,1553,3.209077,8.467945,0.295707
513.586915,270.661155,1555,3.041018,-1.319527,8.331164
157.508636,349.601809,1557,6.72699,-4.914621,-7.286225
476.53256,122.044255,1559,4.048364,5.135378,6.814876
124.0,240.0,1561,5.170806,-0.0,-8.641187
364.315358,431.950903,1563,7.108716,-8.576576,1.980059
511.148258,287.658613,1565,6.792019,-2.122269,8.511957
514.574603,209.18241,1567,3.172994,1.31819,8.322722
515.08281,267.417101,1569,7.690745,-1.23257,8.770194
403.678416,419.448942,1571,1.544713,-7.47263,3.484545
131.69081,301.185365,1573,5.617797,-2.669866,-8.217002
415.992305,66.825298,1575,2.048273,7.25493,4.021474
233.202513,417.961221,1577,0.832175,-7.346853,-3.5833
497.310298,149.655891,1579,6.390952,3.945567,7.74361
192.085266,87.557156,1581,3.698733,6.461515,-5.421855
126.100357,284.76526,1583,4.701574,-1.91909,-8.312493
159.005618,356.969265,1585,0.391593,-4.766616,-6.560684
130.896285,305.113631,1587,6.73883,-2.832946,-8.227473
162.397849,116.867705,1589,1.802452,5.06641,-6.48471
461.421356,98.578644,1591,8.078895,6.240505,6.240505
313.020101,439.878165,1593,2.585502,-8.300873,-0.289873
316.492066,39.030613,1595,2.74016,8.299012,-0.14486
201.855164,402.612416,1597,0.540957,-6.540021,-4.751603
505.021476,318.536957,1599,1.719445,-3.204216,7.548659
473.974933,110.79969,1601,5.64727,5.513779,6.571066
411.706081,60.016682,1603,7.250499,7.75677,3.952272
460.320991,94.69336,1605,4.153727,6.053612,5.845905
518.288691,278.543417,1607,6.713727,-1.65165,8.497001
257.578567,432.113416,1609,5.901471,-8.160494,-2.651505
234.208493,56.019519,1611,2.071572,7.426677,-3.463117
415.302727,419.238361,1613,7.991404,-7.727538,4.108805
351.756196,39.499267,1615,7.306455,8.582318,1.359306
117.494498,254.160564,1617,5.028387,-0.59136,-8.456847
240.29085,427.78299,1619,0.890715,-7.418154,-3.14882
320.0,444.0,1621,5.03968,-8.457754,0.0
260.356172,435.08617,1623,3.174597,-7.918955,-2.421068
123.902614,296.230021,1625,4.412595,-2.314987,-8.073319
287.930935,37.52389,1627,8.170634,8.618004,-1.364958
481.542204,366.210602,1629,1.047631,-4.958857,6.347048
152.073831,122.416831,1631,1.462139,4.64315,-6.631106
383.348484,434.966586,1633,2.755075,-7.818001,2.540223
496.576464,133.902157,1635,7.036234,4.429906,7.372602
305.630166,34.501806,1637,6.984148,8.575419,-0.599652
226.477957,56.452656,1639,7.945837,7.737403,-3.942404
284.228475,37.129603,1641,4.568857,8.245293,-1.453868
471.390216,98.826339,1643,1.007328,5.463883,5.859297
441.671547,407.466518,1645,0.820165,-6.466695,4.698329
116.803173,200.502538,1647,3.565708,1.575646,-8.105994
524.98549,268.808832,1649,3.086666,-1.142915,8.132266
172.92179,92.92179,1651,5.480328,5.951653,-5.951653
209.776793,416.394004,1653,2.497806,-6.899928,-4.311554
427.12792,418.290799,1655,0.157802,-6.779402,4.073476
488.275535,362.259332,1657,7.965396,-5.0807,6.992983
445.77934,406.914822,1659,2.144979,-6.455366,4.864468
248.51779,436.395758,1661,1.669949,-7.552603,-2.748923
133.779636,145.115986,1663,6.137812,3.8395,-7.535442
520.903694,182.391793,1665,0.347502,2.179946,7.602376
121.441099,308.369312,1667,5.285877,-2.721361,-7.903406
519.721868,304.893569,1669,0.650586,-2.447252,7.531866
338.302706,30.799113,1671,5.572823,8.353338,0.730822
141.9099,128.716955,1673,7.384335,4.530957,-7.251047
111.59776,206.992328,1675,2.861118,1.269099,-8.012775
130.354456,147.503688,1677,6.269713,3.695061,-7.575998
294.285569,30.572762,1679,0.566982,7.833725,-0.961861
531.0,240.0,1681,5.08182,0.0,8.320166
164.953015,384.583652,1683,8.126754,-5.848994,-6.272278
467.267575,87.499962,1685,4.273629,5.917132,5.714108
110.610072,273.164107,1687,4.177667,-1.2854,-8.115698
399.416598,436.562977,1689,7.645563,-7.911916,3.196622
532.189471,258.564173,1691,4.34973,-0.715854,8.182244
522.575038,174.17938,1693,4.318102,2.537206,7.808716
532.967559,236.282637,1695,1.845788,0.13924,7.977052
439.108088,416.585003,1697,0.272965,-6.48879,4.376744
129.324604,337.153967,1699,4.181728,-3.713075,-7.28732
393.192311,38.905779,1701,1.667669,7.463646,2.716545
257.432455,444.649218,1703,4.306238,-7.832391,-2.394602
493.129637,114.213956,1705,8.369991,5.03005,6.92327
157.73744,98.947309,1707,2.084913,5.224677,-6.010303
120.655471,320.540418,1709,4.547592,-3.06931,-7.59681
167.972042,392.027958,1711,5.352701,-5.845745,-5.845745
130.166268,340.936386,1713,0.709086,-3.677124,-6.915664
131.082143,135.281122,1715,5.479067,4.004263,-7.223882
446.961614,65.252329,1717,1.768595,6.403659,4.652531
346.323778,454.389969,1719,0.585216,-7.744266,0.950876
282.491994,27.281525,1721,0.465646,7.672561,-1.352879
221.484062,433.348416,1723,2.34139,-7.084449,-3.609707
530.554173,292.497051,1725,3.15194,-1.94186,7.788376
462.364809,76.228021,1727,7.658652,6.366392,5.53422
387.056688,33.620736,1729,2.254424,7.55414,2.454489
445.039663,61.424854,1731,3.598645,6.593944,4.61713
537.8672,247.60809,1733,6.0871,-0.288837,8.271215
285.897287,455.316058,1735,7.675796,-8.31406,-1.316818
198.095947,59.269809,1737,3.583556,6.672365,-4.500567
451.79749,414.901177,1739,2.795761,-6.354764,4.788658
320.0,21.0,1741,8.369499,8.459335,0.0
106.612956,289.264281,1743,6.856601,-1.87294,-8.112595
267.019105,452.494764,1745,4.574297,-7.879467,-1.964572
354.415582,457.291435,1747,3.130647,-7.8718,1.246771
289.381918,457.858975,1749,7.465687,-8.279495,-1.163607
120.612287,332.976018,1751,1.391317,-3.299621,-7.07606
252.016261,30.767566,1753,2.288458,7.505479,-2.438678
513.290955,347.142926,1755,0.715713,-3.745662,6.757354
121.366516,143.119977,1757,3.089565,3.484211,-7.14369
420.3319,436.912442,1759,6.540875,-7.359944,3.750079
489.295822,97.943938,1761,2.331376,5.063783,6.034781
270.060866,23.689846,1763,4.929025,7.890117,-1.821577
189.511674,60.398227,1765,7.767158,6.754891,-4.907716
247.72387,30.094876,1767,3.790385,7.558845,-2.602719
456.676848,65.061613,1769,5.558411,6.425582,5.020215
477.684812,397.684812,1771,3.489102,-5.620763,5.620763
97.135846,232.217412,1773,1.052396,0.269531,-7.718354
542.966036,236.108113,1775,7.964205,0.145691,8.346657
139.58921,108.923889,1777,1.566668,4.567845,-6.287099
232.476227,446.193087,1779,1.322244,-7.116501,-3.020776
463.984425,411.593955,1781,6.128425,-6.257297,5.250496
519.585461,341.693872,1783,4.231048,-3.631273,7.126774
481.132115,395.603475,1785,0.219241,-5.298302,5.486552
277.067976,460.866116,1787,2.680783,-7.695627,-1.495878
106.012284,170.471176,1789,7.795129,2.563631,-7.890043
523.919252,144.910891,1791,1.844126,3.280551,7.035164
121.336792,345.631102,1793,5.132975,-3.784753,-7.118085
543.217565,275.354189,1795,0.138017,-1.186667,7.492317
304.235037,14.550525,1797,2.202523,7.759403,-0.54259
111.965903,151.694765,1799,8.21197,3.248432,-7.652825
94.0,240.0,1801,0.775129,-0.0,-7.645677
102.91882,173.631623,1803,3.094009,2.292996,-7.500053
257.43032,21.793595,1805,0.129036,7.274959,-2.086061
544.205253,204.489376,1807,3.320227,1.230091,7.766491
180.244845,418.878441,1809,4.362984,-6.270499,-4.899051
450.775427,53.233334,1811,4.540162,6.516967,4.563229
103.159114,310.455875,1813,6.310802,-2.506851,-7.715295
437.428681,435.434145,1815,0.476042,-6.500843,3.906101
547.444603,224.095524,1817,8.046652,0.576396,8.242851
524.040494,136.036176,1819,7.883102,3.736738,7.333762
545.520975,200.234567,1821,7.004419,1.416101,8.03111
476.177624,407.479998,1823,4.186375,-5.782643,5.392402
134.735108,374.602823,1825,1.64063,-4.511616,-6.209706
363.886069,14.225748,1827,4.779359,7.7964,1.515467
287.990187,467.761656,1829,0.602058,-7.489199,-1.052538
482.63456,77.36544,1831,6.485794,5.722077,5.722077
124.948938,118.118569,1833,4.746059,4.207225,-6.732967
121.994354,358.973795,1835,7.429789,-4.200795,-6.991296
184.221607,426.882926,1837,0.807553,-6.120606,-4.446881
135.515197,379.01927,1839,3.19965,-4.684569,-6.216633
102.931005,160.993347,1841,5.710379,2.738581,-7.52419
425.325796,33.286486,1843,3.969467,6.982083,3.557549
383.947867,463.012713,1845,3.776547,-7.516071,2.155199
244.468188,20.63969,1847,3.985944,7.410637,-2.551687
248.308057,460.645112,1849,5.064409,-7.544869,-2.451476
552.113365,260.307288,1851,1.417883,-0.661431,7.56019
443.471189,42.404794,1853,0.173752,6.338496,3.960732
356.44923,9.868617,1855,1.431373,7.496855,1.187385
422.140477,30.580987,1857,2.394178,6.900933,3.36581
552.255799,211.482574,1859,8.369631,0.997345,8.122724
320.0,474.0,1861,5.697406,-7.954454,-0.0
160.412384,68.863234,1863,5.67578,5.816142,-5.42364
488.325513,402.550059,1865,2.8734,-5.352169,5.542333
283.237901,7.89324,1867,0.03111,7.337655,-1.16217
102.111794,328.032549,1869,0.569946,-2.801665,-6.934364
299.5184,474.105754,1871,7.59446,-8.069767,-0.706013
392.618994,463.498281,1873,4.871152,-7.480464,2.43055
324.118768,475.964056,1875,4.452281,-7.810833,0.136339
124.347133,371.969525,1877,5.904199,-4.439196,-6.581379
212.858242,29.72246,1879,6.637753,7.129617,-3.632721
541.767459,320.716754,1881,4.79253,-2.682075,7.368942
93.355773,170.707906,1883,6.221669,2.324109,-7.601818
459.305105,431.737028,1885,0.013846,-5.98358,4.347326
475.48599,61.133829,1887,4.461719,5.883982,5.114867
231.218237,20.257426,1889,2.926361,7.102745,-2.869695
151.708586,71.708586,1891,2.507274,5.378989,-5.378989
208.265768,29.858473,1893,1.391912,6.627911,-3.524123
435.38469,31.84051,1895,1.023712,6.536131,3.623037
512.546045,379.89289,1897,0.167656,-4.346513,5.982462
82.78147,269.126773,1899,5.047888,-0.952369,-7.756423
555.369053,198.498086,1901,4.441255,1.347836,7.643956
107.049441,131.496271,1903,0.051435,3.345256,-6.565435
262.180667,471.900679,1905,4.973944,-7.576317,-1.888988
501.130299,397.454167,1907,1.335308,-4.900838,5.63777
548.253564,314.164079,1909,5.076922,-2.410607,7.419085
516.596491,377.658345,1911,2.834781,-4.361707,6.229163
311.624121,479.853798,1913,3.191135,-7.631318,-0.266491
81.96711,202.299294,1915,6.319717,1.234467,-7.794116
519.798055,105.23451,1917,7.61658,4.47409,6.633112
127.528842,385.037421,1919,8.368699,-4.852988,-6.440132
561.0,240.0,1921,4.230549,-0.0,7.711257
265.561845,4.202444,1923,7.509603,7.771046,-1.794087
85.188434,181.454901,1925,8.051793,1.940416,-7.782583
80.979422,277.857141,1927,4.006326,-1.200756,-7.581276
80.355127,206.32011,1929,4.003161,1.068223,-7.600804
217.303762,19.767208,1931,2.392217,6.813781,-3.177318
551.106733,164.90887,1933,0.24653,2.263685,6.966905
202.191262,452.532589,1935,0.932936,-6.461377,-3.5816
426.524189,21.593047,1937,7.881017,7.181435,3.50262
102.594408,350.773682,1939,1.876568,-3.385399,-6.64422
476.840177,426.914844,1941,7.697028,-6.096453,5.115531
557.746296,185.111943,1943,0.534873,1.650365,7.148517
517.400147,96.580398,1945,3.384352,4.461314,6.140473
551.652051,160.235802,1947,6.804107,2.561376,7.438777
513.062635,390.837061,1949,3.372148,-4.662694,5.967976
146.758839,413.241161,1951,0.740287,-5.190229,-5.190229
328.550377,-4.850753,1953,0.832765,7.343942,0.256456
324.293292,485.962533,1955,3.819152,-7.595752,0.132584
464.595172,40.981819,1957,8.052455,6.436064,4.676075
93.555806,143.880142,1959,1.771775,2.898174,-6.82767
131.553067,398.125752,1961,4.700506,-4.932064,-5.877804
207.864347,460.078611,1963,5.548342,-6.887176,-3.509192
148.419383,417.676931,1965,3.522824,-5.435214,-5.248725
77.538086,192.870178,1967,2.702489,1.42807,-7.346783
396.327198,5.08904,1969,6.130049,7.398136,2.4038
424.809329,464.764331,1971,3.535092,-6.835056,3.187239
203.571052,21.028997,1973,7.060562,6.923252,-3.681158
281.204253,484.946708,1975,0.582946,-7.191813,-1.139071
567.395884,222.700395,1977,4.124591,0.529629,7.574044
417.292051,10.794291,1979,7.208101,7.214516,3.06238
320.0,-9.0,1981,2.986289,7.478901,-0.0
392.800554,1.880116,1983,6.673133,7.452511,2.278461
559.354162,171.366298,1985,2.259666,2.043967,7.128161
359.108616,486.922085,1987,1.933407,-7.281192,1.153228
122.997312,86.084631,1989,8.2784,4.86991,-6.2332
524.788011,383.394109,1991,1.458931,-4.204389,6.004489
242.745751,2.235871,1993,6.142196,7.354581,-2.389648
104.851008,369.274557,1995,4.458433,-3.901684,-6.493492
337.508875,490.388577,1997,5.602685,-7.653704,0.535199
433.951615,463.642638,1999,2.419656,-6.593258,3.359433
363.585693,487.186746,2001,1.604836,-7.217038,1.272559
135.698867,411.863587,2003,0.544923,-4.924065,-5.280414
171.878116,36.127717,2005,3.552988,6.05395,-4.398452
567.37005,288.083867,2007,0.114807,-1.370325,7.049709
70.452447,204.928379,2009,1.40283,1.015413,-7.225036
498.898016,418.898016,2011,7.864144,-5.53608,5.53608
454.069574,25.443832,2013,2.757734,6.275381,3.921293
189.695367,23.136673,2015,5.798074,6.564497,-3.944348
115.3187,91.290331,2017,5.724208,4.49784,-6.190746
167.138984,37.14658,2019,6.998147,6.183646,-4.659712
406.873116,1.318074,2021,2.766304,6.940525,2.526145
546.315657,355.313587,2023,6.826019,-3.508698,6.886208
75.839529,310.011888,2025,4.781835,-2.083266,-7.265211
561.107237,156.980121,2027,2.229199,2.384793,6.925943
77.480588,161.200666,2029,1.361627,2.240183,-6.894576
297.775286,494.029648,2031,1.184562,-7.206325,-0.630472
536.252265,375.129412,2033,6.685667,-4.081351,6.531526
572.848215,280.047223,2035,4.262022,-1.170848,7.392445
550.091276,352.223014,2037,4.346153,-3.284146,6.733497
351.198552,494.091815,2039,7.749542,-7.715922,0.947396
64.0,240.0,2041,1.639445,-0.0,-7.259471
507.957901,64.726421,2043,7.299775,5.26646,5.647587
141.472799,424.870329,2045,5.0868,-5.423314,-5.237233
573.835904,199.796342,2047,1.014873,1.124887,7.10226
223.726105,1.713749,2049,4.768711,6.965609,-2.814289
62.981768,217.513818,2051,2.799995,0.63897,-7.303461
74.627419,319.726385,2053,3.929577,-2.295216,-7.063948
62.039295,244.502721,2055,1.167335,-0.125486,-7.189073
175.728231,26.108306,2057,8.115486,6.444353,-4.346771
550.77069,122.416461,2059,1.148704,3.257223,6.39266
231.416783,483.380389,2061,0.61459,-6.698067,-2.437897
395.724272,-7.682932,2063,5.441168,7.21014,2.204361
110.464598,392.23638,2065,6.468241,-4.481459,-6.168199
516.224491,410.575348,2067,6.802389,-5.010289,5.763678
561.067802,142.602286,2069,6.252921,2.844008,7.039167
503.847763,56.152237,2071,8.346211,5.48848,5.48848
549.566374,117.937394,2073,6.253051,3.564227,6.703335
548.275744,366.535311,2075,3.221873,-3.551201,6.406536
166.588049,451.153436,2077,5.19357,-6.059659,-4.4026
288.192101,-19.054546,2079,7.31973,7.607187,-0.934045
365.322174,497.034824,2081,0.752653,-7.004573,1.235095
438.945511,6.556291,2083,1.258715,6.364446,3.242847
65.78252,176.616463,2085,2.208217,1.747815,-7.010104
148.112534,437.73391,2087,6.531774,-5.725014,-4.976678
239.037547,489.176807,2089,4.432844,-7.049856,-2.290637
169.149397,455.436988,2091,4.116457,-6.038923,-4.228499
57.160212,230.821432,2093,7.454569,0.266841,-7.641331
361.142264,-19.762034,2095,3.568871,7.236069,1.146081
467.067734,458.036882,2097,0.716907,-5.871597,3.960442
161.120834,29.160225,2099,4.48051,5.900707,-4.446502
320.0,504.0,2101,7.902086,-7.667394,0.0
577.233697,180.612922,2103,4.68044,1.665779,7.21528
383.86738,-16.158072,2105,7.77214,7.429541,1.852393
278.544867,-21.73741,2107,8.172156,7.579971,-1.200549
356.880872,-22.421038,2109,1.999787,7.096201,0.997306
560.171564,128.006161,2111,7.888633,3.233807,6.934921
401.889504,492.029977,2113,5.979556,-7.1308,2.316937
87.351158,111.040641,2115,1.187567,3.433887,-6.194896
559.079216,356.606725,2117,2.036152,-3.136788,6.431368
199.238527,2.992265,2119,5.972879,6.667506,-3.397264
116.232178,410.981504,2121,7.447141,-4.886571,-5.823588
380.061932,500.156807,2123,5.018795,-7.201745,1.662654
476.938662,456.007537,2125,1.939577,-5.771471,4.193219
406.926697,492.45346,2127,5.074767,-6.992842,2.407828
155.618386,450.398871,2129,3.566791,-5.729633,-4.47648
130.495383,50.495383,2131,0.838509,4.968497,-4.968497
587.836742,249.353065,2133,4.104011,-0.254837,7.297591
52.040818,244.677245,2135,5.355427,-0.129233,-7.403781
536.816554,397.526448,2137,8.236451,-4.488606,6.178036
425.106674,-7.615806,2139,0.071287,6.394979,2.714507
147.090133,33.934045,2141,4.507473,5.608759,-4.706308
80.319245,117.876556,2143,0.725636,3.179634,-6.240382
126.497594,53.136898,2145,0.766788,4.867667,-5.040617
371.518429,-25.03934,2147,7.725842,7.42872,1.443997
576.785259,323.434588,2149,0.945501,-2.166088,6.666533
75.296898,354.106931,2151,6.072174,-3.142377,-6.738848
558.39585,113.242678,2153,0.883243,3.288309,6.184409
52.33646,197.60626,2155,5.332085,1.151657,-7.271276
338.904004,510.339858,2157,5.517144,-7.358955,0.514588
569.456815,345.888136,2159,2.669301,-2.790767,6.574636
591.0,240.0,2161,1.964373,0.0,7.083179
580.114894,319.525104,2163,2.373451,-2.077162,6.79409
394.973361,501.463181,2165,2.027545,-6.801375,1.950263
51.348771,282.550175,2167,4.891285,-1.143935,-7.222524
487.459921,25.661075,2169,4.261817,5.721828,4.470382
163.413633,463.628508,2171,0.459095,-5.67628,-3.974574
579.638429,155.638361,2173,5.796555,2.27819,7.011548
179.394606,5.993327,2175,6.703444,6.381624,-3.834467
47.665014,259.043517,2177,5.252846,-0.511209,-7.310632
75.864212,364.393397,2179,5.421159,-3.327155,-6.52991
50.162676,287.579601,2181,7.001372,-1.294562,-7.341824
133.132449,39.609086,2183,7.085433,5.457176,-5.088899
541.670656,78.946841,2185,8.339636,4.443934,6.11655
267.527526,509.947475,2187,3.618237,-7.036988,-1.367852
358.272603,-32.323719,2189,5.130502,7.220945,1.014838
125.545635,434.454365,2191,3.655877,-5.071221,-5.071221
553.213226,385.727798,2193,7.03451,-3.944793,6.312988
556.578175,97.849491,2195,4.508692,3.722886,6.195922
482.22873,16.71131,2197,6.855896,6.00009,4.35932
540.423401,73.899054,2199,5.203973,4.383987,5.817748
579.355163,334.39756,2201,8.129625,-2.570845,7.063339
194.244632,486.808807,2203,1.389364,-6.199517,-3.158812
243.648452,-26.26949,2205,5.715045,7.029167,-2.015581
410.182379,501.908645,2207,4.157584,-6.795248,2.339792
405.597707,-23.442655,2209,7.50529,7.089407,2.303488
43.057874,215.770704,2211,6.440104,0.641199,-7.328936
172.682445,475.757371,2213,1.715494,-5.913155,-3.69495
276.511219,514.577359,2215,3.947482,-7.068659,-1.119566
198.132821,489.864745,2217,0.997009,-6.212786,-3.030178
43.079624,274.001547,2219,7.802598,-0.90801,-7.395148
320.0,-39.0,2221,2.448963,7.02108,0.0
510.277542,444.047683,2223,6.977854,-5.401874,5.037329
119.304196,46.190315,2225,6.566104,5.108303,-5.289802
363.80165,516.552735,2227,8.167803,-7.373808,1.167896
579.611479,135.110154,2229,3.297104,2.651541,6.562794
344.403608,-38.934515,2231,3.064502,7.032301,0.615247
233.475242,-26.295825,2233,6.503695,6.976596,-2.266833
315.095874,-40.957202,2235,2.812512,7.024874,-0.12262
552.959558,82.866794,2237,6.616469,4.099687,6.078036
447.57133,490.372833,2239,2.513338,-6.238251,3.178548
55.946374,143.89234,2241,4.018238,2.436617,-6.694552
589.677941,322.448821,2243,1.202826,-2.011624,6.579725
154.244559,11.857208,2245,5.460016,5.846829,-4.24797
134.991354,452.828102,2247,6.538578,-5.518669,-4.797306
425.639059,501.465847,2249,6.25028,-6.758822,2.730741
520.111219,440.111219,2251,6.236703,-5.144672,5.144672
452.860452,489.874169,2253,0.857127,-6.038765,3.210868
182.798877,487.517377,2255,7.119308,-6.423889,-3.56082
91.048191,73.656774,2257,7.616563,4.339873,-5.973322
601.883107,205.389106,2259,5.228029,0.87541,7.129645
40.314598,289.316082,2261,6.578624,-1.265834,-7.178904
573.045853,368.933302,2263,7.3044,-3.335115,6.545533
388.705818,-35.563986,2265,4.354116,6.90215,1.720899
104.90777,53.023177,2267,5.329622,4.7096,-5.417775
48.948893,151.930157,2269,4.296903,2.192901,-6.749057
86.541667,76.530716,2271,2.114101,3.968763,-5.667981
329.946357,-44.826386,2273,0.401654,6.773061,0.236521
602.478865,284.740257,2275,3.921138,-1.103465,6.967006
82.895254,399.92917,2277,3.248801,-3.914156,-5.802976
548.409756,67.880903,2279,1.412124,4.122079,5.470183
34.0,240.0,2281,5.8911,-0.0,-7.210306
384.560953,519.644209,2283,7.410619,-7.12842,1.645726
598.474873,309.431584,2285,3.004783,-1.685641,6.760737
603.466554,195.103309,2287,3.522218,1.096527,6.923202
604.206936,279.94268,2289,8.231408,-1.026956,7.307171
441.714059,501.016643,2291,1.29368,-6.17723,2.88049
46.095723,328.996894,2293,5.071184,-2.200433,-6.772236
459.625171,-11.890476,2295,8.281601,6.445941,3.573044
193.74911,498.852685,2297,3.511231,-6.288356,-3.067036
577.500885,108.796746,2299,8.060151,3.332444,6.54029
134.234381,18.613156,2301,7.148107,5.569416,-4.673295
38.407051,305.010855,2303,0.104542,-1.508372,-6.533476
86.194089,409.869938,2305,8.324053,-4.326373,-5.954741
45.799613,334.414765,2307,1.802008,-2.224918,-6.461631
91.476881,61.458172,2309,7.130428,4.467517,-5.71816
525.060967,34.939033,2311,7.053317,5.126886,5.126886
309.879146,529.82334,2313,4.336854,-7.033821,-0.245626
314.92135,-50.955679,2315,3.963298,6.995278,-0.122103
148.954492,475.423945,2317,4.787799,-5.712991,-4.150731
587.866912,353.702758,2319,2.535075,-2.688918,6.334695
542.918933,52.948806,2321,7.214447,4.660483,5.554148
452.565226,-20.173905,2323,7.590389,6.474729,3.299039
522.840244,29.952778,2325,6.427947,5.163033,4.985883
606.635138,295.716227,2327,1.430515,-1.293719,6.655609
229.767038,517.708503,2329,2.525036,-6.532956,-2.122686
196.172849,-25.548182,2331,7.013686,6.534714,-3.047187
457.555168,498.703645,2333,2.102179,-6.024568,3.20332
365.835298,-49.392684,2335,7.41553,7.151859,1.132743
27.713733,260.438647,2337,3.106286,-0.481608,-6.887313
205.125048,510.628427,2339,5.25218,-6.500469,-2.759285
320.0,534.0,2341,4.038925,-6.966541,0.0
234.042719,521.153598,2343,2.207526,-6.52214,-1.994018
37.389061,321.037383,2345,1.6495,-1.867419,-6.512465
273.851833,-51.36806,2347,5.914868,7.013876,-1.110889
552.463172,421.620135,2349,5.618758,-4.357879,5.577831
78.350147,70.794951,2351,4.26271,3.999188,-5.711432
411.160013,520.561672,2353,6.497816,-6.796481,2.208311
573.721521,87.54873,2355,5.781944,3.64597,6.067913
299.352084,-55.278959,2357,3.25146,6.863851,-0.479967
185.618812,-23.737931,2359,2.995871,6.112529,-3.114489
268.600139,-51.503095,2361,2.098689,6.685169,-1.178776
537.212049,37.446487,2363,4.740482,4.764616,5.109426
494.57222,480.278047,2365,4.176848,-5.616287,4.080471
28.456727,183.329728,2367,5.476347,1.343959,-6.914068
614.109616,281.334411,2369,8.228942,-1.009493,7.182918
109.282179,29.282179,2371,2.773241,4.822092,-4.822092
162.084059,492.718333,2373,1.100488,-5.669025,-3.5424
473.481346,495.435856,2375,3.136748,-5.87021,3.527178
561.087064,415.160005,2377,3.942376,-4.062794,5.591956
499.942692,478.792018,2379,2.079052,-5.392852,4.063805
217.735977,520.968094,2381,5.469843,-6.596058,-2.400769
53.589049,104.256841,2383,3.042422,3.100502,-6.085078
607.417247,157.584431,2385,1.577717,1.850143,6.452216
36.344427,337.670446,2387,0.270723,-2.147081,-6.235577
605.316955,332.705098,2389,2.440288,-2.092105,6.438836
346.146723,-58.858409,2391,7.878396,7.163511,0.626726
65.585571,81.024221,2393,5.833137,3.728305,-5.966534
22.705809,192.913226,2395,2.852692,1.062456,-6.70808
49.462992,108.050285,2397,7.014913,3.118524,-6.393921
283.317328,-58.756392,2399,6.418642,7.015945,-0.86145
621.0,240.0,2401,1.021264,0.0,6.644981
99.131182,445.963505,2403,4.520556,-4.713382,-5.054484
529.786828,22.75938,2405,7.62318,5.141766,4.965346
21.718121,287.243208,2407,0.793899,-1.034902,-6.534112
433.131191,520.009524,2409,4.247715,-6.388227,2.581011
621.846994,266.40819,2411,6.40854,-0.613969,7.017693
608.170124,146.367851,2413,3.162409,2.099357,6.461158
622.953852,234.711921,2415,2.017588,0.116983,6.701941
489.43545,491.198384,2417,2.20566,-5.56943,3.756628
49.134017,378.013112,2419,4.411428,-3.123416,-6.130049
423.974124,-45.666557,2421,2.531986,6.326731,2.302742
231.119002,530.716646,2423,3.077529,-6.479738,-1.981055
565.941166,61.313283,2425,7.254614,4.171349,5.741369
89.813578,39.901996,2427,1.680331,4.365471,-5.0219
37.208924,354.255011,2429,3.777126,-2.554592,-6.322838
104.332432,455.667568,2431,7.173272,-5.005594,-5.005594
50.700984,383.188827,2433,2.352175,-3.148979,-5.922368
52.36637,91.648256,2435,3.777235,3.300709,-5.954636
499.862287,-7.5592,2437,5.60765,5.621967,4.084598
357.292019,543.719122,2439,8.17761,-7.089002,0.87042
266.863658,-61.351172,2441,1.093941,6.496092,-1.145436
180.624917,513.539003,2443,2.376122,-5.958608,-3.036062
617.880788,314.270022,2445,3.592217,-1.640903,6.581303
521.410122,8.304159,2447,5.375548,5.222689,4.540014
414.868217,-51.97435,2449,0.239799,6.1978,2.013787
496.661542,-12.29883,2451,0.261205,5.330955,3.732775
627.812375,250.749045,2453,3.538981,-0.236187,6.763502
271.818185,544.208009,2455,1.161005,-6.499202,-1.029373
147.768586,-15.343572,2457,0.251226,5.394621,-3.638718
505.960842,486.778373,2459,0.706759,-5.217652,3.931783
320.0,-69.0,2461,7.313365,7.043446,-0.0
18.91965,309.509876,2463,2.349142,-1.499007,-6.492912
245.246134,539.821379,2465,8.262374,-6.902425,-1.720968
368.494684,546.183386,2467,5.69792,-6.825898,1.081116
276.856339,546.983101,2469,6.26459,-6.886028,-0.967768
39.044586,371.011661,2471,3.855183,-2.861214,-6.135894
224.204732,-54.82752,2473,0.989208,6.224905,-2.022594
592.006729,390.775792,2475,2.049751,-3.208819,5.788863
40.475052,103.666573,2477,4.157756,2.973293,-6.096155
461.191045,517.103029,2479,4.567609,-6.071316,3.09349
558.239822,40.093053,2481,7.927438,4.54205,5.413004
249.815271,-64.00346,2483,3.632621,6.558806,-1.51422
136.611001,-12.413302,2485,4.43768,5.49577,-3.992911
218.422736,-55.001796,2487,6.72208,6.58607,-2.267766
512.08638,-5.859355,2489,6.584613,5.480859,4.282116
541.324423,461.324423,2491,1.758968,-4.649007,4.649007
7.190671,229.076458,2493,5.75012,0.240168,-6.877519
632.952329,234.537397,2495,5.801868,0.12017,6.884554
66.777681,56.023216,2497,5.995342,4.055795,-5.582322
197.310426,529.038524,2499,4.703355,-6.251782,-2.653724
521.835309,480.537955,2501,2.311064,-5.061609,4.247194
599.776049,382.553017,2503,2.486375,-3.005933,5.899476
545.872697,458.122728,2505,2.806092,-4.616701,4.780734
259.895166,549.212563,2507,5.957702,-6.749055,-1.311883
20.417197,142.659647,2509,0.62849,1.997629,-6.148071
605.486953,106.875248,2511,2.829388,2.805023,6.015391
41.871508,387.883542,2513,0.916576,-3.045623,-5.727984
632.109516,289.433291,2515,5.370034,-1.066955,6.736487
297.956954,-75.23024,2517,2.004411,6.546621,-0.457784
29.120466,116.528963,2519,0.607607,2.52122,-5.939621
4.0,240.0,2521,4.708922,-0.0,-6.770583
16.851392,147.31817,2523,1.463704,1.903322,-6.225486
232.622958,-64.719958,2525,0.429885,6.17925,-1.771871
633.097204,190.410275,2527,5.930809,1.071834,6.767291
124.835312,489.799409,2529,3.128794,-5.231891,-4.087601
502.397307,-20.49035,2531,1.53595,5.328875,3.731318
17.564028,338.267404,2533,5.287615,-2.09909,-6.460334
483.782108,512.579202,2535,5.379086,-5.828441,3.502081
637.225368,217.817441,2537,8.275945,0.489225,6.996247
604.231081,95.177031,2539,5.600534,3.089647,6.063774
634.153673,184.606231,2541,1.298237,1.124639,6.378145
537.557477,473.301831,2543,8.283976,-5.121606,4.775975
61.923579,427.503495,2545,4.565153,-3.954518,-5.442927
381.058878,-74.120699,2547,5.726838,6.67928,1.298321
275.464608,556.885782,2549,2.197941,-6.472856,-0.909701
546.27417,13.72583,2551,4.846462,4.764821,4.764821
48.624609,70.425835,2553,0.248241,3.382834,-5.413666
44.849296,405.327222,2555,3.487779,-3.412266,-5.678965
131.320934,499.694455,2557,1.935098,-5.263401,-3.824085
63.638001,433.182622,2559,7.892137,-4.184226,-5.552655
411,77,1,1.7e-05,1.809962,-1.696946
256,343,1,1.7e-05,1.455221,1.373749
464,87,1,1.7e-05,-1.149072,-0.45522
177,460,1,1.7e-05,-0.531717,-0.655731
75,108,1,1.7e-05,0.872257,0.130677
426,24,1,1.7e-05,-1.932809,-1.221663
104,55,1,1.7e-05,-0.958736,1.598079
42,56,1,1.7e-05,-0.360874,-1.943623
353,95,1,1.7e-05,0.37659,1.917973
386,264,1,1.7e-05,0.471659,-0.536925
577,68,1,1.7e-05,-0.179082,-0.667725
446,299,1,1.7e-05,-0.04269,1.75055
563,278,1,1.7e-05,-0.453733,0.19479
442,381,1,1.7e-05,0.101517,1.6753
234,326,1,1.7e-05,-1.726509,-1.93379
181,191,1,1.7e-05,1.584578,-1.427516
68,436,1,1.7e-05,1.487313,-1.165632
454,331,1,1.7e-05,1.33615,0.326086
623,309,1,1.7e-05,-0.630517,1.484109
620,5,1,1.7e-05,-1.02787,-0.307382
264,168,1,1.7e-05,1.35379,-0.660741
594,134,1,1.7e-05,1.302962,-1.631112
310,125,1,1.7e-05,0.907994,-0.809029
43,416,1,1.7e-05,1.242451,0.86883
38,14,1,1.7e-05,-0.851983,0.068808
162,229,1,1.7e-05,0.958328,0.081261
142,150,1,1.7e-05,-1.144677,-0.116673
57,14,1,1.7e-05,1.60608,-0.030734
240,171,1,1.7e-05,0.3229,-1.21732
338,47,1,1.7e-05,-1.286543,0.159021
627,222,1,1.7e-05,-0.610481,-1.602779
292,274,1,1.7e-05,1.459104,0.575068
467,408,1,1.7e-05,1.801599,0.453682
411,21,1,1.7e-05,0.074577,0.830426
333,231,1,1.7e-05,1.522583,0.986279
132,143,1,1.7e-05,0.563408,0.43137
31,190,1,1.7e-05,-1.816931,-0.609588
203,55,1,1.7e-05,0.515865,-0.308039
312,419,1,1.7e-05,0.455263,-0.692743
155,413,1,1.7e-05,0.863984,1.143951
221,355,1,1.7e-05,-0.527326,-0.774785
102,346,1,1.7e-05,-0.706114,0.415618
427,316,1,1.7e-05,-1.678643,0.589073
166,63,1,1.7e-05,-0.725675,1.182876
612,375,1,1.7e-05,1.494565,-0.82161
156,298,1,1.7e-05,1.354521,1.559695
487,200,1,1.7e-05,1.555889,-0.564183
583,363,1,1.7e-05,-0.633617,-1.302456
410,469,1,1.7e-05,-0.83487,1.773142
94,221,1,1.7e-05,1.110942,-1.122314
400,182,1,1.7e-05,-0.028214,-1.67326
304,179,1,1.7e-05,1.157784,-1.125229
447,149,1,1.7e-05,-1.551301,0.650502
574,424,1,1.7e-05,-0.988756,-1.515963
272,370,1,1.7e-05,1.013678,0.992527
471,328,1,1.7e-05,1.457235,-1.762413
245,71,1,1.7e-05,-1.967777,0.204262
544,166,1,1.7e-05,1.353274,1.492681
311,405,1,1.7e-05,-1.712877,-1.643566
575,389,1,1.7e-05,0.116324,-0.035018
33,189,1,1.7e-05,1.910492,-1.063213
31,460,1,1.7e-05,-1.488399,1.302796
10,430,1,1.7e-05,1.80972,1.516509
545,225,1,1.7e-05,-0.098605,-0.119272
41,307,1,1.7e-05,0.802889,0.976748
390,444,1,1.7e-05,-0.873008,1.130525
264,183,1,1.7e-05,-1.443038,-0.774283
24,20,1,1.7e-05,-0.889746,-0.193719
159,169,1,1.7e-05,-1.399133,-0.687017
59,386,1,1.7e-05,-0.541038,-0.929547
545,218,1,1.7e-05,0.678505,1.327809
31,261,1,1.7e-05,-1.127089,-1.890148
257,461,1,1.7e-05,1.329272,0.599703
302,470,1,1.7e-05,1.641617,0.26973
423,213,1,1.7e-05,-1.566672,-1.062596
1,156,1,1.7e-05,1.22135,-0.353607
277,429,1,1.7e-05,1.851123,-0.554415
356,364,1,1.7e-05,-0.857485,0.630013
175,188,1,1.7e-05,-0.257243,-1.817388
174,226,1,1.7e-05,1.05571,1.332048
371,176,1,1.7e-05,0.445747,1.057464
570,102,1,1.7e-05,0.533657,1.486657
456,281,1,1.7e-05,0.130087,1.381053
484,153,1,1.7e-05,1.288534,-1.137653
72,115,1,1.7e-05,1.554778,-1.854041
290,23,1,1.7e-05,-1.355677,-1.927832
169,27,1,1.7e-05,-1.235735,-1.38815
385,246,1,1.7e-05,1.346987,-0.691182
205,475,1,1.7e-05,-0.648878,1.354599
624,230,1,1.7e-05,-0.992886,0.039514
560,183,1,1.7e-05,-0.950811,-1.21389
350,196,1,1.7e-05,-0.726803,-0.30996
381,412,1,1.7e-05,0.772708,0.394837
468,329,1,1.7e-05,-0.369501,0.619948
563,435,1,1.7e-05,-0.109137,-0.384059
257,424,1,1.7e-05,0.921954,-1.824858
367,48,1,1.7e-05,1.915591,1.593601
446,195,1,1.7e-05,1.556619,0.220366
108,383,1,1.7e-05,0.283487,0.421134
193,234,1,1.7e-05,0.263108,0.224528
287,37,1,1.7e-05,-0.404517,-0.368176
305,476,1,1.7e-05,-1.671918,0.468371
196,74,1,1.7e-05,1.360412,0.967573
333,115,1,1.7e-05,0.745977,1.348483
246,434,1,1.7e-05,1.557641,0.536904
31,38,1,1.7e-05,-0.036007,-0.824849
252,71,1,1.7e-05,0.890594,0.305632
276,320,1,1.7e-05,0.539786,-0.542078
71,206,1,1.7e-05,1.396486,-0.791422
323,222,1,1.7e-05,1.300637,-0.544858
413,229,1,1.7e-05,1.359412,0.741568
61,242,1,1.7e-05,1.603522,-0.118588
364,322,1,1.7e-05,-0.244927,1.042193
126,315,1,1.7e-05,-1.847341,-0.898716
40,98,1,1.7e-05,0.108598,-0.266391
6,161,1,1.7e-05,-1.712326,0.841844
479,182,1,1.7e-05,1.208241,-1.51409
27,25,1,1.7e-05,1.254175,1.259705
49,123,1,1.7e-05,-1.396846,-1.664221
80,293,1,1.7e-05,1.772378,-0.691685
612,319,1,1.7e-05,0.187613,1.139346
310,200,1,1.7e-05,0.254856,1.576678
558,397,1,1.7e-05,-1.104571,1.8159
486,394,1,1.7e-05,-0.986715,1.529762
439,190,1,1.7e-05,-1.460212,1.195509
312,66,1,1.7e-05,-0.595887,0.65157
0,401,1,1.7e-05,0.901267,-0.078399
600,291,1,1.7e-05,-1.162772,0.485705
37,100,1,1.7e-05,0.66123,-0.362857
280,273,1,1.7e-05,1.68868,0.906095
212,327,1,1.7e-05,-1.16055,0.358765
122,438,1,1.7e-05,1.226001,1.571736
481,199,1,1.7e-05,-1.601329,-1.634942
64,174,1,1.7e-05,0.645131,-0.561587
351,409,1,1.7e-05,-1.495556,-0.964511
510,325,1,1.7e-05,-0.192684,-1.555838
535,352,1,1.7e-05,0.001628,-1.005418
363,138,1,1.7e-05,1.978316,-0.544247
200,312,1,1.7e-05,-0.498831,-1.526414
143,427,1,1.7e-05,0.295352,-1.951654
547,407,1,1.7e-05,1.747364,-0.07845
559,191,1,1.7e-05,0.801674,0.083794
542,298,1,1.7e-05,-0.771041,-0.977399
296,285,1,1.7e-05,-1.579797,0.228963
123,27,1,1.7e-05,1.312562,-0.400495
144,448,1,1.7e-05,-0.297428,-0.357366
253,125,1,1.7e-05,1.143654,-1.039807
249,160,1,1.7e-05,1.915333,-0.551164
620,274,1,1.7e-05,-0.489722,1.530273
569,328,1,1.7e-05,1.268697,1.104228
3,303,1,1.7e-05,-1.280928,0.843299
452,459,1,1.7e-05,-0.906867,1.340227
472,299,1,1.7e-05,-0.075197,-0.65211
418,201,1,1.7e-05,1.243269,0.73476
423,420,1,1.7e-05,-0.768869,0.021809
366,32,1,1.7e-05,1.334395,-1.426478
501,158,1,1.7e-05,1.512414,-0.616698
419,148,1,1.7e-05,0.543945,1.49034
635,120,1,1.7e-05,0.54105,0.001092
574,125,1,1.7e-05,0.105138,-0.499692
258,332,1,1.7e-05,0.404397,-1.35465
191,392,1,1.7e-05,0.064712,-1.919068
562,414,1,1.7e-05,-1.0309,0.087583
598,106,1,1.7e-05,1.99774,-1.657298
608,101,1,1.7e-05,-1.060231,0.061337
100,238,1,1.7e-05,-0.238019,0.31848
315,355,1,1.7e-05,-0.224097,-1.263077
451,298,1,1.7e-05,-1.043101,0.595535
197,326,1,1.7e-05,-1.592147,1.719474
129,454,1,1.7e-05,1.124714,1.999791
520,164,1,1.7e-05,-0.914492,-1.902373
631,409,1,1.7e-05,1.537044,-1.634867
488,455,1,1.7e-05,0.038689,0.850955
265,404,1,1.7e-05,-0.580405,-1.358492
263,200,1,1.7e-05,1.164264,0.514787
288,394,1,1.7e-05,1.151166,1.863613
416,162,1,1.7e-05,0.138429,-1.149849
295,23,1,1.7e-05,0.318957,0.903617
396,209,1,1.7e-05,1.045945,-1.752862
479,338,1,1.7e-05,0.611913,-0.859497
319,295,1,1.7e-05,-0.448996,1.587658
339,15,1,1.7e-05,1.083462,1.694372
229,61,1,1.7e-05,-0.973474,1.10146
157,336,1,1.7e-05,-0.923745,-0.341542
56,179,1,1.7e-05,-0.962425,-0.054006
558,84,1,1.7e-05,-0.670864,0.647419
383,209,1,1.7e-05,-0.680724,-0.530294
559,396,1,1.7e-05,-0.596817,0.971256
437,70,1,1.7e-05,-0.768036,0.282053
241,423,1,1.7e-05,-1.830006,1.632718
387,369,1,1.7e-05,-0.864717,-0.486282
197,148,1,1.7e-05,1.63751,0.009391
239,451,1,1.7e-05,0.878333,1.720998
406,258,1,1.7e-05,1.569854,0.01668
385,430,1,1.7e-05,0.309384,1.781579
290,191,1,1.7e-05,-1.148273,1.443273
473,415,1,1.7e-05,-1.79171,1.831699
597,202,1,1.7e-05,1.438734,-1.242178
558,144,1,1.7e-05,-0.508224,-1.45176
559,282,1,1.7e-05,0.147003,-1.742197
594,114,1,1.7e-05,-1.596142,0.607556
73,145,1,1.7e-05,1.450925,-0.456209
290,22,1,1.7e-05,-0.747282,-0.212253
358,383,1,1.7e-05,1.910393,-0.410273
441,44,1,1.7e-05,-1.856363,0.693378
340,19,1,1.7e-05,0.522239,-1.671624
418,345,1,1.7e-05,-0.816218,-0.068968
114,350,1,1.7e-05,0.920758,-1.004585
284,271,1,1.7e-05,0.498664,-0.625087
264,68,1,1.7e-05,1.110789,0.836875
62,410,1,1.7e-05,-0.726831,-0.431852
286,265,1,1.7e-05,-0.366452,-1.425831
128,200,1,1.7e-05,1.126881,-1.623454
563,227,1,1.7e-05,-0.897854,-0.517014
339,203,1,1.7e-05,0.65686,-0.575262
622,237,1,1.7e-05,0.25373,-0.709861
141,299,1,1.7e-05,-1.635021,-0.367442
190,424,1,1.7e-05,-1.234498,0.549946
89,101,1,1.7e-05,1.538797,0.888338
349,267,1,1.7e-05,-0.419355,0.410055
603,199,1,1.7e-05,-0.945925,1.871311
601,313,1,1.7e-05,1.88668,-1.383841
140,332,1,1.7e-05,-0.785382,0.8362
272,255,1,1.7e-05,-1.377739,0.118701
477,12,1,1.7e-05,1.548929,-0.102522
242,30,1,1.7e-05,1.124807,1.956793
598,337,1,1.7e-05,1.65893,-0.571782
376,217,1,1.7e-05,-1.694193,0.688599
113,167,1,1.7e-05,-1.183521,1.048618
411,60,1,1.7e-05,0.776457,1.162814
191,419,1,1.7e-05,1.982822,-1.050585
104,218,1,1.7e-05,-0.033513,-1.365282
482,115,1,1.7e-05,0.574598,-0.812482
350,397,1,1.7e-05,-1.504163,-1.281728
26,141,1,1.7e-05,0.278728,-1.178966
599,218,1,1.7e-05,1.030624,-0.858183
451,217,1,1.7e-05,-0.24907,0.214127
85,211,1,1.7e-05,-0.044726,1.090051
109,212,1,1.7e-05,0.893154,1.389891
5,161,1,1.7e-05,1.733828,1.312184
358,456,1,1.7e-05,-1.376362,-1.752428
305,337,1,1.7e-05,1.836533,1.553346
350,131,1,1.7e-05,-1.373165,0.627294
52,42,1,1.7e-05,1.500449,-0.506798
548,244,1,1.7e-05,-1.01989,-0.94828
361,328,1,1.7e-05,-1.404452,0.951408
380,339,1,1.7e-05,-1.299777,1.09426
42,282,1,1.7e-05,-0.468784,1.906761
577,431,1,1.7e-05,-0.095052,-1.770191
32,331,1,1.7e-05,-1.37993,-1.810356
298,408,1,1.7e-05,1.096283,0.47082
293,348,1,1.7e-05,-1.658775,0.561301
59,172,1,1.7e-05,1.884633,0.556861
155,143,1,1.7e-05,0.592391,-0.214069
639,219,1,1.7e-05,-0.278754,-0.087262
180,198,1,1.7e-05,1.305175,-0.028232
237,57,1,1.7e-05,-1.629381,0.738988
51,449,1,1.7e-05,-0.536434,-0.306434
366,353,1,1.7e-05,-0.430595,-0.246245
58,325,1,1.7e-05,-0.603225,-1.79192
287,131,1,1.7e-05,-1.636589,1.973699
75,227,1,1.7e-05,-0.390679,0.438814
161,392,1,1.7e-05,-0.887783,1.809808
390,87,1,1.7e-05,1.449719,0.240649
548,349,1,1.7e-05,1.359855,1.867919
92,86,1,1.7e-05,-1.975777,1.989799
121,401,1,1.7e-05,-0.646668,-0.406032
31,412,1,1.7e-05,1.617756,-0.615845
97,396,1,1.7e-05,1.089042,-1.575317
195,262,1,1.7e-05,0.946121,-0.028045
29,80,1,1.7e-05,-0.346197,1.053633
50,101,1,1.7e-05,1.363652,0.232953
316,397,1,1.7e-05,1.84517,0.094464
292,355,1,1.7e-05,0.274651,1.864527
356,327,1,1.7e-05,0.238059,-0.282652
87,38,1,1.7e-05,1.546576,-0.922357
361,321,1,1.7e-05,-0.978832,0.9378
249,112,1,1.7e-05,-0.372571,-1.973276
226,441,1,1.7e-05,-0.582486,-1.335391
385,248,1,1.7e-05,-1.816533,-1.637549
414,448,1,1.7e-05,-1.758532,1.299144
591,310,1,1.7e-05,0.762338,1.030474
102,52,1,1.7e-05,-0.763175,-1.269197
526,281,1,1.7e-05,-1.21623,-0.728329
222,458,1,1.7e-05,1.697246,-0.515393
480,157,1,1.7e-05,1.301378,0.238774
620,251,1,1.7e-05,1.602742,1.702206
556,57,1,1.7e-05,0.177058,1.822274
190,72,1,1.7e-05,-0.463921,-1.101445
354,421,1,1.7e-05,0.498578,-0.010967
307,468,1,1.7e-05,0.399612,-1.618366
123,445,1,1.7e-05,1.368179,-1.481659
173,432,1,1.7e-05,-1.757397,1.738245
441,432,1,1.7e-05,0.740336,-0.997588
471,7,1,1.7e-05,-0.749481,-0.651526
162,100,1,1.7e-05,0.186756,0.160424
506,299,1,1.7e-05,-0.50343,-0.855415
226,195,1,1.7e-05,0.129928,1.207049
471,317,1,1.7e-05,0.171281,-1.607225
600,42,1,1.7e-05,0.018594,-0.955321
296,383,1,1.7e-05,1.859457,-0.196669
304,192,1,1.7e-05,0.411146,0.607716
84,389,1,1.7e-05,-0.148743,1.93531
187,393,1,1.7e-05,-1.669426,1.170342
307,62,1,1.7e-05,0.521459,-1.805229
213,345,1,1.7e-05,-0.399684,1.631179
416,308,1,1.7e-05,-1.265357,1.208403
499,269,1,1.7e-05,-1.813146,1.531377
245,415,1,1.7e-05,1.303328,-0.218122
129,196,1,1.7e-05,-0.951039,0.573518
367,12,1,1.7e-05,-1.674684,0.856707
633,47,1,1.7e-05,1.812309,-1.973218
612,163,1,1.7e-05,-0.477198,-1.962765
53,293,1,1.7e-05,0.924357,0.136421
580,125,1,1.7e-05,0.020734,0.191106
422,335,1,1.7e-05,0.414604,1.128533
251,274,1,1.7e-05,0.911659,-0.956282
328,137,1,1.7e-05,0.858805,-1.580037
286,241,1,1.7e-05,-1.813801,1.782028
340,66,1,1.7e-05,0.939092,0.355585
298,388,1,1.7e-05,-0.697958,1.169599
440,241,1,1.7e-05,-1.035972,1.681658
601,427,1,1.7e-05,-1.676647,-0.80227
509,471,1,1.7e-05,-1.634938,-1.194455
519,474,1,1.7e-05,0.162839,0.637627
89,365,1,1.7e-05,1.937382,0.865227
3,154,1,1.7e-05,0.610007,-0.656988
553,68,1,1.7e-05,-0.66624,1.736699
454,207,1,1.7e-05,-1.562577,-0.75373
464,258,1,1.7e-05,1.101564,-0.547868
115,133,1,1.7e-05,1.977745,0.574939
259,233,1,1.7e-05,1.581325,0.692587
259,329,1,1.7e-05,-1.630045,1.386102
5,314,1,1.7e-05,-0.085861,-1.683959
245,100,1,1.7e-05,-1.794411,-1.298052
389,204,1,1.7e-05,-1.01051,-0.925782
222,106,1,1.7e-05,-1.544208,-0.56296
112,392,1,1.7e-05,0.743356,0.430748
528,93,1,1.7e-05,-1.182075,0.397961
87,298,1,1.7e-05,-1.193382,-0.374226
281,463,1,1.7e-05,0.354165,-1.73044
471,125,1,1.7e-05,1.097978,-1.351911
185,48,1,1.7e-05,1.711438,-1.64048
40,264,1,1.7e-05,-0.450599,1.008547
199,250,1,1.7e-05,-0.662169,1.479752
225,125,1,1.7e-05,1.474579,-0.398897
205,175,1,1.7e-05,0.199682,0.98975
153,213,1,1.7e-05,0.876519,1.065943
128,321,1,1.7e-05,-1.150143,0.588298
85,28,1,1.7e-05,1.436357,-1.178657
392,297,1,1.7e-05,1.948291,1.711374
464,71,1,1.7e-05,1.16986,1.872644
262,128,1,1.7e-05,-0.660805,0.343369
241,312,1,1.7e-05,0.189239,0.485159
191,120,1,1.7e-05,-0.476702,0.843664
185,48,1,1.7e-05,1.024768,-0.192561
395,393,1,1.7e-05,-1.561332,1.620798
412,130,1,1.7e-05,-0.00652,-1.864799
562,455,1,1.7e-05,0.826733,-1.447909
266,474,1,1.7e-05,-1.832274,1.197893
217,322,1,1.7e-05,1.352596,1.475927
29,458,1,1.7e-05,1.584902,-0.082978
452,28,1,1.7e-05,1.729152,1.079758
491,37,1,1.7e-05,-0.375699,1.778713
453,273,1,1.7e-05,-1.579322,-0.348262
135,463,1,1.7e-05,1.684023,0.6096
93,398,1,1.7e-05,-0.61669,-0.577318
531,290,1,1.7e-05,1.242302,1.717733
57,415,1,1.7e-05,0.990295,0.0374
122,36,1,1.7e-05,1.695551,-0.922127
168,445,1,1.7e-05,0.591,0.452459
534,75,1,1.7e-05,0.47206,1.028919
253,461,1,1.7e-05,1.344052,0.495628
8,135,1,1.7e-05,0.268305,-1.239916
281,314,1,1.7e-05,0.798782,-1.25831
470,366,1,1.7e-05,1.641169,1.44475
101,116,1,1.7e-05,1.414208,-1.363847
335,168,1,1.7e-05,1.031427,-1.323924
495,457,1,1.7e-05,1.748692,1.801221
505,416,1,1.7e-05,-1.778768,0.41684
544,100,1,1.7e-05,-1.847151,0.95704
339,262,1,1.7e-05,0.227913,1.002771
513,95,1,1.7e-05,-0.090403,0.741599
395,433,1,1.7e-05,-1.817128,-1.328274
258,324,1,1.7e-05,1.253946,1.835396
108,452,1,1.7e-05,1.206756,-0.051515
391,269,1,1.7e-05,-0.598904,-1.238816
266,5,1,1.7e-05,1.000494,1.293308
220,332,1,1.7e-05,1.243164,1.51719
633,76,1,1.7e-05,-0.753472,-1.103853
568,159,1,1.7e-05,1.888534,1.766725
105,275,1,1.7e-05,-0.854893,-0.432636
346,362,1,1.7e-05,-0.406976,-1.051515
379,90,1,1.7e-05,0.42645,0.939907
335,201,1,1.7e-05,0.027982,0.842402
282,348,1,1.7e-05,-1.890323,-0.654137
527,165,1,1.7e-05,-1.825622,-0.288173
347,44,1,1.7e-05,1.434548,-0.311691
372,194,1,1.7e-05,-0.966836,0.21745
61,293,1,1.7e-05,-0.663453,0.981132
